news ID,url,title,time,content,LogisticRegression_score,MultinomialNB_score,DeepLearning_LSTM_score,Sum,emotion_sum,emotion,DeepLearning_emotion
apl201707130140000,http://www.appledaily.com.tw/realtimenews/article/international/20170713/1159895/男努力工作猝死　妻2個月後和小叔同居,男努力工作猝死　妻2個月後和小叔同居,2017/07/13 01:40,英國薩默塞特郡（Somerset）一名女子不滿丈夫上班時間過長，連續多天工作16小時，不但與他大吵一場，還趕他去客廳睡沙發。不料，隔天一早卻發現丈夫暴斃。更慘的是，她發現丈夫辛勞工作，原來是為了儲錢，帶她去旅行，慶祝結婚周年。阿什莉（Ashley Murrell）與36歲丈夫默雷爾（Mikey Murrell）結婚七年，育有三名兒女。默雷爾是地毯清潔員，死前常超時工作，每晚回家已筋疲力盡。今年5月16日，默雷爾在工作16小時後，又帶著一臉倦容回家，阿什莉不滿丈夫只顧工作，忍無可忍主動與他吵架，再趕他去睡沙發。但隔天早上，阿什莉發現丈夫毫無反應，臉如死灰，原來已經暴斃。當下，她驚惶失措地不斷大叫：「他死了！默雷爾死了。」驗屍結果指，默雷爾是在睡夢中窒息死亡，原因無法確定。阿什莉後來發現，丈夫連續超時工作，試想賺夠錢，於7月3日「結婚周年」時，帶她去布拉格旅行慶祝。她說：「我很內疚。我埋怨自己趕他到客廳睡沙發。我仍無法接受，對他最後說的居然是滿口惡言。」但阿什莉也指，丈夫工作時間太長，「總是筋疲力倦，他的健康也急速變差」。她還辯稱，人生苦短，（丈夫）沒必要把怒氣帶入夢鄉。不過阿什莉喪夫後，獲小叔克里斯（Chris Murrell）安慰和陪伴，兩人迅速發展出戀情。克里斯還為她離婚，決定代替已故的哥哥，照顧阿什莉。（國際中心／綜合外電報導）【相關新聞】「男朋友」病逝 母豬不願離開墳前,0.0485171878922,-0.999999999996,0.999939,0.0484562719489,Positive,Positive,1
apl201707130131000,http://www.appledaily.com.tw/realtimenews/article/sports/20170713/1159893/【溫網】費德勒復仇加拿大重砲　不失一盤晉男單4強,【溫網】費德勒復仇加拿大重砲　不失一盤晉男單4強,2017/07/13 01:31,前世界球王、世界第5費德勒(R.Federer)，今凌晨在溫網男單8強再度對上去年溫網讓他在男單4強吞敗的世界第7加拿大重砲饒尼奇(M.Raonic)，費德勒以0被破發的完美表現，以直落三打敗饒尼奇，完成甜密復仇後晉4強，也成為唯一1位Big 4晉級到四強的球星。饒尼奇的重砲發球，可以說是費德勒的天敵，雖然兩人先前交手12次，費德勒以9比3領先，但最近兩次對決，包括去年布里斯本和溫網，饒尼奇已經對費德勒打下二連勝。費德勒在今年打下澳網冠軍後氣勢大振，雖然戰略因素放棄紅土法網，但也讓他在今年溫網打的順風順水，前兩盤共三度破發，順利以6比4、6比2取得領先，第三盤雙方僵持互保都沒被破發下，取得6比6平手搶七，費德勒在一開始0比2落後下逆轉以7比4拿下勝利晉級4強。(詹健全／綜合報導)小編推薦閱讀【溫網】英國一姊孔塔粉碎哈蕾普世界第1美夢　下周新球后誕生【有片】林子偉表現佳　美媒列紅襪令人驚奇球員第2名女桌世界第4是黃曉明表妹　受訪自爆男友是.......TLPGA台灣大哥大女子公開賽R1　姚宣榆、魏筠潔並列領先  ,0.930519389157,-0.859245917271,1.0,1.07127311426,Positive,Positive,1
apl201707130127000,http://www.appledaily.com.tw/realtimenews/article/local/20170713/1159880/​3壯碩逃逸外勞拒盤查　警噴辣椒水壓制,​3壯碩逃逸外勞拒盤查　警噴辣椒水壓制,2017/07/13 01:27,（新增：影片）基市警局第一分局忠2路派出所員警，昨日晚上近10時許，巡邏至精一路時，看見一輛廂形車停在路旁，後座有3位外勞，形跡可疑，警方上前盤查時，3位體型壯碩外勞不願配合臨檢，並企圖脫逃，與警方發生拉扯，現場員警緊急呼叫線上警網支援，引起不少路人圍觀，民眾拍下當時畫面，提供給《蘋果》。因3名外勞極力掙脫，警方拿出「辣椒水」的防護型噴霧劑，往3人噴射，由於距離太近，又拉扯在一起，不僅外勞被辣椒水噴到，也有3位員警的皮膚、眼睛，分別因沾到噴辣椒水，出現紅腫傷勢，經到醫院清洗後，已無大礙，警方將3名外勞載往移民署基隆專勤隊，確認3人都是越南籍逃逸外勞，警方正連絡雇主到案說明。（突發中心蔡進男／基隆報導）發稿0010更新0127《蘋果日報》表示，本則影片或照片是投訴人獨家提供《蘋果日報》，若其他媒體未取得授權逕行翻攝，也未註明出處，《蘋果》必訴諸法律，以保障權益。 《蘋果日報》歡迎讀者加入監督社會，向《蘋果》獨家提供照片、影片，經採用可獲獎金，照片一千，影片兩千元，每周點閱數最高，更可獲獎金三萬元，請參考活動網址：http://www.appledaily.com.tw/complainevent/推薦閱讀：【打臉片】​男違規吃罰單批警「硬凹」　這段影片狠打臉【好壯觀】新北鐵腕拖吊oBike　新莊395輛位居第一【惡劣片】花蓮天空步道試營運2周　竟遭男子惡意擊碎 ,0.236717792645,-1.0,0.999993,0.236710759297,Positive,Positive,1
apl201707130123000,http://www.appledaily.com.tw/realtimenews/article/sports/20170713/1159892/【溫網】喬帥二盤傷退棄賽　博蒂奇晉男單4強,【溫網】喬帥二盤傷退棄賽　博蒂奇晉男單4強,2017/07/13 01:23,溫布頓網球錦標賽今在男單頻頻讓人跌破眼鏡，在穆雷(A.Murray)8強出局後，原本有機會爭冠重返世界球王的世界第4喬克維奇(N.Djokovic)，凌晨在男單8強對上世界第15的捷克球星博蒂奇(T.Berdych)時，沒想到打了僅63分鐘，在6(2)7、0比2落後下，宣布因傷退賽，博蒂奇連續兩年晉溫網男單4強，但更重要的是，穆雷的世界球王寶座也確定將可以在下周暫時保住，但未來還是有艱巨的保分壓力。(詹健全／綜合報導) 小編推薦閱讀【溫網】英國一姊孔塔粉碎哈蕾普世界第1美夢　下周新球后誕生【有片】林子偉表現佳　美媒列紅襪令人驚奇球員第2名女桌世界第4是黃曉明表妹　受訪自爆男友是.......TLPGA台灣大哥大女子公開賽R1　姚宣榆、魏筠潔並列領先 ,0.423036035031,-0.870447673793,1.0,0.552587884401,Positive,Positive,1
apl201707130050000,http://www.appledaily.com.tw/realtimenews/article/entertainment/20170713/1159890/泰國墜馬傷後176天　華仔復工啦！,泰國墜馬傷後176天　華仔復工啦！,2017/07/13 00:50,劉德華（華仔）今年1月17日在泰國拍廣告墜馬，導致脊椎及骨盆裂傷，工作停擺超過半年，先前港星任達華、黃秋生訪台也都透露他復原狀況良好，就在他傷後176天的昨晚，他終於在官網PO出復工照，表示正為新片《俠盜聯盟》配音，還不忘問候粉絲：「想起你們！你們好嗎？你們好我就安心了！」導演馮德倫也在他官方微博回應「辛苦了」，也讓他的粉絲們終於放下心中大石。華仔自傷後修養多時，3月終於可以下床拄拐杖走路，日前也被香港《蘋果》拍到他出席《桃姐》監製陳佩華追思會，之後他時不時會在官網發文與粉絲互動，就怕粉絲過於擔心。他先前因傷取消年底20場香港紅館個唱、以及小巨蛋演唱會，上月初也在官網發聲明，表示年底將公布明年演唱會的詳情，昨又見他復工，可見痊癒之路不遠了。（楊絲貽／綜合報導）【大家都在看】【獨家控訴】8點檔女星叫檯還咬人　男公關出面控白玩(動畫)【泡牛郎風波】劉曉憶41歲剩女忙於減重　高中熱戀張兆志【live名人大平台】今晚8點黃子佼PK陳孫華　掏寶貝尬潮味,0.0933842332598,-0.9998705184,0.999981,0.0934946413733,Positive,Positive,1
apl201707130048000,http://www.appledaily.com.tw/realtimenews/article/sports/20170713/1159888/林子偉最愛家鄉烤吳郭魚　國小就立誓赴美打球,林子偉最愛家鄉烤吳郭魚　國小就立誓赴美打球,2017/07/13 00:48,上月底甫從2A登上美國大聯盟的台灣棒球好手林子偉，因為打擊、守備表現亮眼，被球迷封為「海嘯哥」並成為新生代台灣之光。《蘋果》昨由國道十號末端的高雄旗山，一路沿省道台29線北上，車行約1個多小時後，終於到達台29線起點的林子偉故鄉，孕育「布農族海嘯哥」的那瑪夏區達卡努瓦里。林子偉的阿嬤等家人見記者上門還感到有些詫異，不過對於「家族之光」，最終難掩雀躍。林子偉的阿嬤回憶，子偉小學時就曾誇下海口，說要帶著家人到美國看他打球，如今子偉實現夢想，家族親友也盼有一天能夠組團前往大聯盟球場為林子偉加油。林的阿嬤回憶，當時林就向她跟阿公許下豪願「我要到美國打球」。當時阿公鼓勵林「只要你有才華就去做」，林子偉並向老人家承諾「要帶你們去看我打球」，如今林子偉終於實現兒時夢想，但也不免感傷「可惜阿公沒辦法去了」。家人說，林的阿公4年前在子偉到美國打球的第一年就過世，當時林放下在美國的訓練工作回台奔喪，可見他與阿公感情相當深厚。林子偉的姑姑則說，雖然阿公已不在，但其他家人仍期待有一天能夠組團前往美國為這位「家族之光」、「那瑪夏之光」、「布農族之光」、「台灣之光」加油打氣。姑姑笑說，由於家族人數眾多「可能要包一輛遊覽車才載得下」。姑姑還說，家人們只要知道林要回來，就會準備林最愛的烤肉，「他應該最懷念台灣的烤吳郭魚吧！」（劉智維／高雄報導） ,-0.9735576804,-0.999999975342,-0.375017791986,-2.34857544773,Negative,Negative,-1
apl201707130031000,http://www.appledaily.com.tw/realtimenews/article/strange/20170713/1159873/【愛飛遜】UNIQLO愛科技打造舒適生活提案,【愛飛遜】UNIQLO愛科技打造舒適生活提案,2017/07/13 00:31,2017年秋冬UNIQLO持續以LifeWear品牌理念結合源自日本的製衣技術，將品牌精神體現在無論設計、材料、縫製，或是版型與色彩上。一貫簡約風格是因為對品牌而言個性並非展現在單品本身，而是由穿衣者賦予服飾全新定義。不只著眼於現代人對時尚的追求更敏銳地了解潛藏在日常生活中的需求，引進創新技術顛覆服裝的刻板印象為現代人帶來更舒適、便捷的生活。(賴姿穎/台北報導)想看更多蘋果副刊流行及美容資訊，快加臉書社團「蘋果花愛漂亮」小編推薦【鮮奇片】看過嗎？ 台灣有這麼多像藝術品的植物種子【排行片】Tomod’s彩妝Top5 第二名補貨就架空【爽玩片】暑假出遊 這幾樣一定要帶！ ,0.936241482532,0.9992209005,0.999874,2.93533602119,Positive,Positive,1
apl201707130030000,http://www.appledaily.com.tw/realtimenews/article/strange/20170713/1159750/【想買】日系療癒商品陪你上班,【想買】日系療癒商品 陪你上班,2017/07/13 00:30,專開發療癒商品的日商「Shine」，曾推出「鈔票碎紙機」、「喵喵儲金箱」和「3D泡泡機」等人氣商品，今年初發售的「奧曼特銀行」更掀起搶購熱潮，7/5建立官方粉絲團後，隨即公布兩項新商品的介紹影片。「桌上型清潔機器喵」(ルンルンクリーニャーD)像是縮小版的掃地機器人，上面還坐了一隻喵喵，可清潔桌面灰塵和細屑，遇到牆面會自動轉向，也有防摔落功能，摸喵喵額頭一下會轉向並發出貓叫聲，若摸超過一秒喵喵則會頭暈轉圈圈。「向日葵銀行」(FlowerBank)則是向日葵造型的存錢筒，有黃色和粉色兩種顏色，每次投幣都會跟你對話，按兩下澆水器會進入對話模式，除了對任何聲響有反應之外，還會唱日本311賑災活動主題曲《花朵綻放》(花は咲く)，按三下則會進入跳舞模式。兩項商品都預計今年10月販售，暫定售價日幣2480元(約新台幣665元)，想要辦公桌有喵喵和向日葵的陪伴，可上官網查詢販售訊息。(賴俊佑/綜合報導)資料、圖片來源：SHINE、itmedia小編推薦【鮮奇片】看過嗎？ 台灣有這麼多像藝術品的植物種子【排行片】Tomod’s彩妝Top5 第二名補貨就架空【爽玩片】暑假出遊 這幾樣一定要帶！ ,0.668020445216,-0.999979948249,0.999593,0.667633456848,Positive,Positive,1
apl201707130028000,http://www.appledaily.com.tw/realtimenews/article/animal/20170713/1159734/猜看看這隻柴犬是真的還是假的？,猜看看 這隻柴犬是真的還是假的？,2017/07/13 00:28, ＊yomoko888＊羊毛フェルト＊needlefelt（@yomoko888）分享的貼文 於 2017 年 6月 月 30 6:27下午 PDT 張貼這隻柴犬好可愛，不少網友留言想抱抱牠，IG「yomoko888」7/1上傳一支影片引起網友熱烈討論，有隻黑色柴犬站桌上動也不動，多角度拍攝乍看下是一隻真的柴犬，但其實是羊毛氈做成的，影片超過8.9萬人分享，由於太過於逼真，不少網友驚呼：「這是標本吧」、「時間停止了」、「眼睛乾不乾？」。這隻驚人的創作來自北海道Yomoko的手藝，除了會在IG或Twitter分享其他羊毛氈作品外，也有在拍賣網販售。(賴俊佑／綜合報導)資料、圖片來源：IG/yomoko888、Twitter/ yomoko888＊羊毛フェルト＊更多內容，請上毛愛蘋果粉絲團推薦閲讀【麻吉片】曾經是戰鬥犬的牠 竟跟倉鼠變成好麻吉【幫助片】南非長尾猴擺脫汙名　終順利成長【救援片】流浪狗受困　救援人員耐心解救 ,0.70039245246,-0.979981343489,1.0,0.720410751344,Positive,Positive,1
apl201707130028001,http://www.appledaily.com.tw/realtimenews/article/strange/20170713/1159760/女人的臉龐也能這樣詮釋,女人的臉龐也能這樣詮釋,2017/07/13 00:28,向來與藝術關係密切的時裝品牌PRADA，今年再次與瑞典藝術家Liselotte Watkins合作，推出全新包款Cartella，藝術家利用立體派幾何抽象的方式詮釋女人的臉龐，象徵著女性多變的面貌，而設計師Miuccia Prada女士試圖透過藝術家的作品探討女性主題，表達了她對於當代女性在不同情境裡的自我個性與思維的關注。(簡永昌/台北報導)圖片/品牌提供想看更多蘋果副刊流行及美容資訊，快加臉書社團「蘋果花愛漂亮」小編推薦【鮮奇片】看過嗎？ 台灣有這麼多像藝術品的植物種子【排行片】Tomod’s彩妝Top5 第二名補貨就架空【爽玩片】暑假出遊 這幾樣一定要帶！ ,0.828454849885,-0.732280613935,0.999862,1.0960363108,Positive,Positive,1
apl201707130028002,http://www.appledaily.com.tw/realtimenews/article/local/20170713/1159813/他帶醉女回家2度逞慾都不舉　反因這事洩淫行,他帶醉女回家2度逞慾都不舉　反因這事洩淫行,2017/07/13 00:28,（更新：新增動新聞）新北市一名陳姓男子前年和一群朋友到KTV唱歌喝酒後，見其中一名女性友人醉倒沙發，竟起淫念，宣稱要帶她回家「照顧」，卻趁機脫光她衣褲企圖性侵，不料遲遲無法勃起，隔天睡醒又想硬上，但依舊不舉，才放走被害女子，後因女子報案宣稱昏迷期間隱約看到陳男拍照，警方查扣手機果然發現陳男偷錄性侵過程，新北地院昨依乘機性交等罪判他4年6月徒刑。判決指出，被害女子在2015年7月9日晚間和陳男（46歲）及另2名男性友人到永和路2段的KTV唱歌、喝酒小聚，隔天（10日）凌晨2時許因喝酒過量而醉得不省人事，陳男便藉口帶女子回家「照顧」，卻趁她無力抵抗，強脫衣褲企圖性侵，還用手機錄下過程。直到清晨6時許，女子清醒發現全身僅剩內褲，緊張地跳起來四處找內衣，想逃離陳家，陳男聞聲起床後，竟不顧女子拼命反抗，仍一把將女子推倒在床企圖硬上，沒想到關鍵時刻卻不舉，只好放走被害女子。女子被嚇得連內衣都沒穿，便匆匆逃離陳家並報警，陳男辯稱雙方你情我，但女子堅稱當晚意識雖模糊，還是有反抗，還說「我覺得這當中他沒有勃起，但他一直想插入…，過程中似有感到相機在拍攝。」檢警查扣陳男手機，果然發現陳男錄下性侵過程，畫面中女子表情呆滯且不斷喊著「放我回家」。法官認定女子顯然不是自願發生關係，昨依乘機性交、強制性交未遂罪合併判陳男4年6月徒刑。仍可上訴。（葉晴煦／新北報導）【更多精彩新聞，請看《蘋果陪審團》粉絲團】出版時間：00：00更新時間：00：28,-0.465776005673,-1.0,0.992226,-0.473550001072,Negative,Negative,-1
apl201707130027000,http://www.appledaily.com.tw/realtimenews/article/strange/20170713/1159786/【警世片】幼童細菌性腸胃炎增2成　小心腸穿孔致命,【警世片】幼童細菌性腸胃炎增2成　小心腸穿孔致命,2017/07/13 00:27,夏季悶熱 細菌易孳生，亞東醫院小兒部主任梁昭鉉表示，臨床上觀察，幼童夏季感染細菌性腸胃炎，大約比其他季節增加2成。要小心孩子脫水、電解質不足，嚴重可能惡化導致腸穿孔、敗血症，危及性命。小兒科醫師梁昭鉉表示，幼童細菌性腸胃炎常見沙門氏菌感染，多見於沒煮熟的蛋料理、蛋殼，或是保存不當的肉品等。如果食材已經變質，應避免再烹調食用。給幼童吃蛋，最好先將蛋殼清洗乾淨，且蛋應煮熟後再給孩子吃，避免吃下細菌。尤其是5歲以下幼童，由於胃酸分泌較少，較無法殺死沙門氏菌，就更容易受到感染。常見腹瀉、嘔吐，出現反覆高燒。排便顏色呈現墨綠色，伴有黏液，以及可能出現血便，排便帶有血絲。如果腸道黏膜受損、破裂造成血便持續未改善，細菌隨著血液流竄到全身，可能導致腸穿孔，甚至敗血症。梁昭鉉醫師表示，幼童性菌性腸胃炎治療主要採支持性療法，針對腹瀉、嘔吐改善，預防脫水但症狀嚴重時，還是會依狀況使用抗生素或幫助止血的藥物，在止瀉、止嘔治療期間，應先禁食6~8小時，之後可以先從白吐司、稀飯等開始逐步進食，避免油膩飲食，若孩子有脫水現象，補充電解質，可以到藥局購買幼兒腸胃炎專用的電解質液。（鄭綿綿／綜合報導）小編推薦【鮮奇片】看過嗎？ 台灣有這麼多像藝術品的植物種子【排行片】Tomod’s彩妝Top5 第二名補貨就架空【爽玩片】暑假出遊 這幾樣一定要帶！ ,-0.150571360004,-0.999999998885,0.999292,-0.151279819696,Negative,Negative,-1
apl201707130027001,http://www.appledaily.com.tw/realtimenews/article/international/20170713/1159884/【雙贏】史上頭一遭　巴黎、洛杉磯同獲奧運主辦權,【雙贏】史上頭一遭　巴黎、洛杉磯同獲奧運主辦權,2017/07/13 00:27,國際奧運委員會（IOC）前天史無前例一次批准兩屆奧運的主辦城市。申請主辦奧運的巴黎和洛杉磯將與IOC討論決定2024年及2028年兩屆奧運的主辦權。IOC主席巴哈稱此是「雙贏」，料將下月即知協調結果，以巴黎主辦2024年奧運的可能性居多。IOC前天在瑞士無異議表決同意，由IOC執委會、巴黎和洛杉磯三方協調決定由誰先主辦2024年奧運。如果無法達成共識，IOC將於9月13日於祕魯表決2024年的主辦城市，2028年的主辦國將重新評選。巴哈表示，8月料有結果出爐。洛杉磯市長賈西迪和巴黎市長伊達戈對此決定表示歡迎。賈西迪表示，「我有十足信心，可以達成協議」。IOC主席巴哈表示，該決定「可以確保在未來11年奧運賽事的穩定」。近來許多城市因為成本超支和負債，放棄申請主辦奧運。稍早布達佩斯、德國漢堡和義大利羅馬相繼撤銷申辦2024年奧運。巴黎和洛杉磯都表示有穩定的財務狀況可主辦奧運。洛杉磯計劃使用既有的場地來主辦賽事，可以避免賽後會有體育館荒廢。（國際中心／綜合外電報導）推薦閱讀：南極大冰山裂了！ 面積相當於高屏地區女用餐刷中4.5K紅包 爽到iPhone掉火鍋要店家賠,-0.323901509272,-0.999994811561,0.957061,-0.366834910883,Negative,Negative,-1
apl201707130027002,http://www.appledaily.com.tw/realtimenews/article/sports/20170713/1159887/大聯盟與NFL老闆也瘋電競？紛組隊投入賽事,大聯盟與NFL老闆也瘋電競？紛組隊投入賽事,2017/07/13 00:27,近年有越來越多人關注職業電競賽事，就連NFL新英格蘭愛國者對老闆克拉福特(Robert Kraft)，以及大聯盟大都會對營運長威爾朋(Fred Wilpon)都投入電競，昨天標下電競聯賽《鬥陣特攻》的組隊權，準備與其他隊伍一較高下。其實職業電競隊伍近年來開始更專業化，並朝著區域與城市化發展，想要朝已行之有年的實體職業運動球隊方式來運行，因此直接找上職業運動球隊老闆來參與是最快的方式，例如，克拉福特與威爾朋未來組成的電競隊伍，就分別是兩人的根據地波士頓與紐約，之後也將冠上城市名。而除了波士頓、紐約隊外，昨天還公佈另5支電競隊的城市與標下組隊權的負責人，其中亞洲地區有網易執行長丁磊所負責的上海隊，以及手機遊戲開發商《Kabam》創辦人之一周凱文(華裔，父母皆為台灣人)所負責的首爾隊，另外還有洛杉磯、舊金山與邁阿密-奧蘭多隊。(體育中心／綜合報導)小編推薦閱讀【更新】陳品捷中職首戰　葉君璋：選球不錯【獨家】林子偉大聯盟發光　阿嬤心疼他吃嘸這味英國希望穆雷8強爆冷敗　溫網衛冕失利又丟了球王 ,-0.00311556074982,-0.999997311027,0.999906,-0.00320680869684,Negative,Negative,-1
apl201707130025000,http://www.appledaily.com.tw/realtimenews/article/animal/20170713/1159732/狗狗溜進嬰兒房開心打滾,狗狗溜進嬰兒房 開心打滾,2017/07/13 00:25,這隻狗狗被規定不能進嬰兒房，竟趁飼主不注意偷偷溜進來，臉書「Nest」近期上傳一支有趣影片，狗狗小心翼翼的匍匐前進到房間，觀察周遭確定安全後，翻過身開心的在地上打滾，但殊不知犯罪過程通通都被攝影機錄下，不曉得飼主看到影片心情會是如何？(賴俊佑／綜合報導)資料、圖片來源：臉書/Nest更多內容，請上毛愛蘋果粉絲團推薦閲讀【麻吉片】曾經是戰鬥犬的牠 竟跟倉鼠變成好麻吉【幫助片】南非長尾猴擺脫汙名　終順利成長【救援片】流浪狗受困　救援人員耐心解救 ,-0.00954272793522,-0.981736991936,1.0,0.00871980329142,Positive,Negative,-1
apl201707130024000,http://www.appledaily.com.tw/realtimenews/article/animal/20170713/1159809/主人灑水狗狗這舉動很狂,主人灑水 狗狗這舉動很狂,2017/07/13 00:24,小動物總會做出許多令人不可思議的趣事，根據粉絲專頁The Pet Collective發布的影片，一隻狗狗趁主人在灑水時，迅速地飛撲到水中，這樣來回四次，在旁的主人也忍不住大笑，網友看了表示「牠真的充滿活力啊！」「笑死人了！」。(黃銀川／綜合報導)更多內容，請上毛愛蘋果粉絲團推薦閲讀【麻吉片】曾經是戰鬥犬的牠 竟跟倉鼠變成好麻吉【幫助片】南非長尾猴擺脫汙名　終順利成長【救援片】流浪狗受困　救援人員耐心解救 ,0.235890330749,0.0598458016246,0.999999,1.29573553633,Positive,Positive,1
apl201707130023000,http://www.appledaily.com.tw/realtimenews/article/strange/20170713/1159828/【消夜文】今天吃哪一味,【消夜文】今天吃哪一味,2017/07/13 00:23,「肚子好餓，今天吃點臘味怎麼樣？」她一面翻冰箱一面朝著客廳忙著打電動破關的他大喊，他果然手還是沒停，眼睛只是死命地盯著螢幕吼回來：「好啊，不要太辣喔…」她翻了個白眼，開始把過年時搶到的肝腸、臘腸和臘肉分切成片，前兩天清冰箱時發現還凍在冷凍庫的這些遺珠，她立馬就先移到冷藏退冰，現在要料理可就省事多了。捧著一鍋煲到噴香的臘味飯上桌，這會兒他倒是不用她使喚，自動就把遙控器放下，乖乖地拿好碗筷等著。蓋子一掀開，他「啊」地大喊了一聲，差點沒讓她嚇得掉了手上的陶蓋；她撫著胸口狠狠地瞪了他一眼：「突然叫那麼大聲是怎樣啦？裡面煮了蟑螂嗎？」他指著一整鍋的臘味、語帶驚惶地問她：「你該不會是把這些肝腸臘腸都加辣了吧！辣味在哪？都跟你說我不敢吃太辣了…」她噗哧一聲笑了出來，反手巴了他的腦袋一掌：「臘味、臘味，這些肝腸、臘肉就是叫臘味，虧你還常和香港客戶吃飯呢，這可是Common sense欸…」他悻悻然地瞥了她一眼，不干示弱：「那什麼是CS你說說看啊…」她自信滿滿，馬上接話：「廢話，不就是剖腹產嗎？（Caesarean section）」他冷冷地回了一句：「明明是絕對武力(線上射擊遊戲)好嗎？拜託，這可是Common sense欸…」蘋果花：臘味飯超好吃是Common sense大家都同意吧！芋頭臘味煲材料：芋頭片180g、蔥段10g，廣式肝腸、臘腸各1條，廣東臘肉6片、椰漿50ml、三花奶水40ml，蒜蓉、薑片各少許調味料：水200ml，糖、鹽各少許做法：煮滾水將切片肝腸、臘腸與臘肉汆燙，撈起瀝乾。加熱陶鍋放少許油，放入薑片、蒜蓉煸出香氣，加水煮開後加鹽、糖調味，接著放芋頭片、以大火煮開，煮約5分鐘後放入臘味。繼續以大火再煮5分鐘，加蓋燜煮到芋頭片散開後，加入椰漿與奶水拌勻，再以中火煮3分鐘，煮到湯汁變稠後放入蔥段即可。小編推薦【鮮奇片】看過嗎？ 台灣有這麼多像藝術品的植物種子【排行片】Tomod’s彩妝Top5 第二名補貨就架空【爽玩片】暑假出遊 這幾樣一定要帶！  ,-0.0939919901802,-0.999999999826,0.999765,-0.0942265342837,Negative,Negative,-1
apl201707130022000,http://www.appledaily.com.tw/realtimenews/article/animal/20170713/1159728/不爽被模仿鸚鵡對娃娃這麼做,不爽被模仿 鸚鵡對娃娃這麼做,2017/07/13 00:22,當擅長模仿的鸚鵡，叫聲被娃娃模仿時心情是如何呢？臉書「Crazimals」7/6上傳一支有趣影片，飼主在鸚鵡旁邊放一隻娃娃，鸚鵡叫幾聲娃娃就跟著叫幾聲，讓鸚鵡愈聽愈不爽，最後整個暴怒把娃娃從籠子上推下去，並對鏡頭擺出奸詐的表情。(賴俊佑／綜合報導)資料、圖片來源：臉書/Crazimals更多內容，請上毛愛蘋果粉絲團推薦閲讀【麻吉片】曾經是戰鬥犬的牠 竟跟倉鼠變成好麻吉【幫助片】南非長尾猴擺脫汙名　終順利成長【救援片】流浪狗受困　救援人員耐心解救 ,-0.0158148331411,-0.990949719828,0.999998,-0.00676622189863,Negative,Negative,-1
apl201707130022001,http://www.appledaily.com.tw/realtimenews/article/strange/20170713/1159746/【七逃片】西西里島朝聖　尋找《教父》場景,【七逃片】西西里島朝聖　尋找《教父》場景,2017/07/13 00:22,西西里島(Sicily)是位在義大利最南端的一個小島，也是地中海海域最大的島嶼，自古便是極重要的戰略以及貿易位置，但對許多人來說西西里島的印象，大概就是《教父》影片以及黑手黨。分有3集的這部經典影片大多數是在美國拍攝，但《教父》第3集中的重要場景，則是在西西里島巴勒摩的馬西莫(Massimo)劇院，殺手埋伏在劇院中的緊張情節，穿插著舞台上的歌劇，還有殺手在劇院門口終於找到機會射殺艾爾．帕西諾飾演的教父，卻誤殺教父愛女，影片長達20多分鐘全都聚焦在馬西莫劇院，也讓這裡成為影迷來到巴勒摩必要造訪之處。事實上，馬西莫劇院是歐洲第3大劇院，僅次於巴黎歌劇院、以及維也納國家歌劇院，於19世紀時末花了20多年才興建完成，內部古典華麗，6層樓的設計共可容納1380名觀眾，但劇院裡大多是包廂，總計有150個包廂，正對著舞台的皇家包廂，正是《教父3》影片中艾爾．帕西諾和家人坐的位置，殺手則埋伏在側翼包廂。劇院還有非常華麗的劇服展示空間，但想欣賞到這些都必須預約在有專人導覽下才能參觀。而劇院的周邊在假日也經常有表演活動，前方的大街也是巴勒摩最熱鬧的地方，周末假日更是愈晚愈high。另外，建於12世紀的巴勒摩主教堂也是巴勒摩重要景點，教堂融合了加泰隆尼亞歌德式以及阿拉伯風格，除了充份展現希臘、阿拉伯、以及來自歐洲北方的諾曼人，曾統治過西西里島的歷史背景  還能登頂眺覽美麗的市景。（楊沛騏／義大利報導）相關資訊：航班：可搭乘土耳其航空(www.turkishairlines.com)從桃園機場直飛伊斯坦堡，再轉機至西西里島的卡塔尼亞(Catania)；土航台灣分公司電話(02)2718-0849出團情報：鳯凰(02-25378111)旅行社義大利全覽16天有安排西西里島深度遊，團費含稅金及小費為14萬9900元起；雄獅(02-8793-9669)經典美麗遇見西西里島南義10天團費8萬6900元，另可洽太一(02-2567-3822)、可樂(02-2567-2626)、上順(02-2517-1157)、行健(02-2752-9293)、晴天(02-2711-3355)等旅行社。想知道更多旅遊去處，請參加蘋果花愛旅遊社團小編推薦【鮮奇片】看過嗎？ 台灣有這麼多像藝術品的植物種子【排行片】Tomod’s彩妝Top5 第二名補貨就架空【爽玩片】暑假出遊 這幾樣一定要帶！ ,-0.543135794358,-0.99997814441,0.997875,-0.545239321191,Negative,Negative,-1
apl201707130021000,http://www.appledaily.com.tw/realtimenews/article/animal/20170713/1159704/同伴受困不幫忙　竟趁亂逃脫,同伴受困不幫忙　竟趁亂逃脫,2017/07/13 00:21,臉書Gif Porn最近分享一段有趣影片，兩隻狗狗被關在圍欄內，其中一隻突然想從兩片圍欄中穿過，沒想到卻不慎困在中央，於是牠不斷掙扎，導致整個圍欄都被拆掉，但狗狗仍卡在中央，同伴見狀不僅不幫牠脫困，反而趁亂逃走，留下無助的狗狗只能靠自己的力量逃脫，實在令人看了哭笑不得。（吳宣／綜合報導）更多內容，請上毛愛蘋果粉絲團推薦閲讀【麻吉片】曾經是戰鬥犬的牠 竟跟倉鼠變成好麻吉【幫助片】南非長尾猴擺脫汙名　終順利成長【救援片】流浪狗受困　救援人員耐心解救 ,-0.290484581589,-0.999089046659,0.999999,-0.289574224294,Negative,Negative,-1
apl201707130020000,http://www.appledaily.com.tw/realtimenews/article/animal/20170713/1159688/甜蜜蜜！柯基與主人形影不離,甜蜜蜜！柯基與主人形影不離,2017/07/13 00:20,柯基的魅力無窮！日前：臉書TheDodo分享一名男子養了一隻柯基Apollo後的甜蜜互動，影片中他們一起吃一起玩起睡，有時男子會調皮的作弄柯基Apollo，但Apollo都相當好脾氣，任由主人擺布，而男子還製作愛狗T恤，穿在身上，而且不管Apollo做什麼事情，他都報以熱烈的關切，形影不離的關係，讓人看了都融化了。(黃馨儀／綜合報導)資料來源：臉書TheDodo更多內容，請上毛愛蘋果粉絲團推薦閲讀【麻吉片】曾經是戰鬥犬的牠 竟跟倉鼠變成好麻吉【幫助片】南非長尾猴擺脫汙名　終順利成長【救援片】流浪狗受困　救援人員耐心解救 ,0.113271292411,-0.958428996825,0.999998,0.154840388238,Positive,Positive,1
apl201707130019000,http://www.appledaily.com.tw/realtimenews/article/animal/20170713/1159689/賣萌柯基　網友直呼「超犯規！」,賣萌柯基　網友直呼「超犯規！」,2017/07/13 00:19,柯基犬雖以圓滾滾的翹臀被大家所熟知，但可愛的臉龐也是愛狗人是不容錯過的。臉書汪汪仙貝近日分享一段影片，片中柯基有著長長的毛髮，看上去蓬鬆可愛之外，豎立的兩隻耳朵還時不時地轉向碰在一起，無辜的眼神加上微吐舌頭，令人都被萌到融化，網友看了也笑說「牠好犯規！太萌了吧！」（吳宣／綜合報導）更多內容，請上毛愛蘋果粉絲團推薦閲讀【麻吉片】曾經是戰鬥犬的牠 竟跟倉鼠變成好麻吉【幫助片】南非長尾猴擺脫汙名　終順利成長【救援片】流浪狗受困　救援人員耐心解救 ,0.489350260588,0.0120060336584,0.999998,1.5013543869,Positive,Positive,1
apl201707130019001,http://www.appledaily.com.tw/realtimenews/article/3c/20170713/1159878/【香港直擊】開Uber門檻變高靠這些來找駕駛,【香港直擊】開Uber門檻變高  靠這些來找駕駛 ,2017/07/13 00:19,Uber雖在全球風波不斷，但仍未停止擴張事業版圖，今天將於香港舉行「ACCELERATE (加速)」論壇，邀請亞太區包括台灣、新加坡、菲律賓、越南、馬來西亞等逾10國媒體參與，剖析Uber在亞太各國營運模式及發展現況。Uber自4月中在台改採與租賃車業者合作，乘客的叫車需求通過Uber App中轉，再由租賃車行派單給駕駛，據Uber官方透露，回歸至今合作的租賃車行已近百家，但現在想成為Uber駕駛，需持職業駕照並加入租賃車行才可以，門檻大幅增高，旗下合作駕駛人數，當然也沒有過往那麼多，相對拉長了乘客的等車時間，將低叫車意願。為招募更多合作駕駛，Uber今也將公布駕駛端App的更新內容，利用新功能增加接客量，提升駕駛收入，並未來也將透過VR，讓新手駕駛體驗上路接客過程，並把此項目納入教育訓練中，內容《蘋果》副刊即將揭曉。（唐子晴／香港報導）小編推薦【搶便宜】3C賣場拚價　電扇不到400元手遊《白貓Project》將推神秘企劃　新關卡與角色將登場 ,0.44976928187,-0.996630662174,0.99999,0.453129082953,Positive,Positive,1
apl201707130018000,http://www.appledaily.com.tw/realtimenews/article/animal/20170713/1159807/貓咪超萌睡姿笑翻網友,貓咪超萌睡姿 笑翻網友,2017/07/13 00:18,根據粉絲專頁Happy Cats分享的影片，日本一隻貓咪坐在沙發上睡着，只見牠雙手擺在肚子上，一臉呆萌表情讓人看了忍不住發笑，網友看了留言「我爸也會直接在沙發睡着！」、「牠是吃太飽睡着嗎？」(黃銀川／綜合報導)資料、圖片來源:Facebook／Happy Cats、Instagram／junjun_jjj更多內容，請上毛愛蘋果粉絲團推薦閲讀【麻吉片】曾經是戰鬥犬的牠 竟跟倉鼠變成好麻吉【幫助片】南非長尾猴擺脫汙名　終順利成長【救援片】流浪狗受困　救援人員耐心解救 ,0.421665666974,-0.901906459273,0.999999,0.519758611654,Positive,Positive,1
apl201707130017000,http://www.appledaily.com.tw/realtimenews/article/animal/20170713/1159702/小球近在眼前　傻狗卻多次錯過,小球近在眼前　傻狗卻多次錯過,2017/07/13 00:17,臉書Gif Porn近期分享一段影片，狗狗原本趴在地上休息，當牠見到飼主將球拋向牠，牠立馬跳起來試圖抓球，但卻與球擦身而過，當球著地後再次彈起，狗狗更張開大嘴打算咬住它，沒想到卻沒咬到，二次錯過接球的機會，傻傻的模樣看上去十分搞笑，網友留言笑說「牠是喝醉了嗎？！」、「哈哈哈！狗狗眼睛怎麼了嗎？」（吳宣／綜合報導）【警語：禁止酒駕；飲酒過量，有害健康】更多內容，請上毛愛蘋果粉絲團推薦閲讀【麻吉片】曾經是戰鬥犬的牠 竟跟倉鼠變成好麻吉【幫助片】南非長尾猴擺脫汙名　終順利成長【救援片】流浪狗受困　救援人員耐心解救 ,0.316694160101,-0.999380134222,0.999999,0.317312595368,Positive,Positive,1
apl201707130016000,http://www.appledaily.com.tw/realtimenews/article/3c/20170713/1159545/【搶便宜】3C賣場拚價　電扇不到400元,【搶便宜】3C賣場拚價　電扇不到400元,2017/07/13 00:16,炎炎夏日到來，為迎戰酷暑商機，各大3C賣場展開促銷大戰，燦坤3C從7/14起推出為期4天的行動會員特典，不用2萬元就能買到一級效能空調、電扇399元即可帶回家，相當便宜。為搶進APP購物市場，燦坤3C與旗下快3網路商城推出「燦坤×快3」APP，主打線上商品諮詢及電子會員卡功能。而大同3C也將延長黃金周活動至20日，推出DC變頻風扇均一價1688元，另外7/31前購買大同空調，登錄發票就可抽3萬元旅遊金及涼夏家電。同時官方LINE帳號「大同TATUNG同樂會」也推出個人化服務升級，讓手機中的LINE即是會員卡，除享有百元購物金，甚至還有機會抽到大同變頻空調。全國電子7/14至7/18一連5天舉辦全館破盤價活動，電競筆電狂降9000元、買飛利浦電鬍刀就送咖啡機，十分優惠，另有推出指定家電9折及全館滿額加一元多一件精選商品等活動。（廖家葆／綜合報導）小編推薦【香港直擊】開Uber門檻變高 靠這些來找駕駛手遊《白貓Project》將推神秘企劃　新關卡與角色將登場 ,0.555932379681,-0.999617302961,0.998947,0.555261922252,Positive,Positive,1
apl201707130015000,http://www.appledaily.com.tw/realtimenews/article/animal/20170713/1159693/狗狗領養貓咪兩人感情超甜蜜,狗狗領養貓咪 兩人感情超甜蜜,2017/07/13 00:15,imgur分享國外有隻哈士奇Raven被主人帶到收容所，希望Raven能夠領養另一隻寵物陪伴牠，原本Raven選了四隻貓咪，但只有一隻貓咪想跟牠玩，主人直接領養回家，並取名為Woodhouse，一貓一狗的感情超甜蜜，網友紛紛留言「這太棒了」、「看了這個，我想我該幫我家寵物找伴了」。（陳映彤／綜合報導）資料來源：imgur更多內容，請上毛愛蘋果粉絲團推薦閲讀【麻吉片】曾經是戰鬥犬的牠 竟跟倉鼠變成好麻吉【幫助片】南非長尾猴擺脫汙名　終順利成長【救援片】流浪狗受困　救援人員耐心解救 ,0.490911470982,-0.145232055713,1.0,1.34567893843,Positive,Positive,1
apl201707130014000,http://www.appledaily.com.tw/realtimenews/article/strange/20170713/1159756/【算命神片】個性中規中矩你也做事照起工嗎,【算命神片】個性中規中矩 你也做事照起工嗎,2017/07/13 00:14,台語形容詞「照起工」，形容一個人很守規矩，做事一定要按部就班才行，你做事也會照起工嗎？快來測試寶咖咖老師的文具占卜，看你的指數有多高吧！(李育道／綜合報導)小編推薦【鮮奇片】看過嗎？ 台灣有這麼多像藝術品的植物種子【排行片】Tomod’s彩妝Top5 第二名補貨就架空【爽玩片】暑假出遊 這幾樣一定要帶！ ,0.437514402284,-0.54047130198,0.99658,0.89362340302,Positive,Positive,1
apl201707130010000,http://www.appledaily.com.tw/realtimenews/article/forum/20170713/1159657/台權會：晶片身分證請由法制面談起,台權會：晶片身分證 請由法制面談起,2017/07/13 00:10,何明諠／台灣人權促進會專案經理內政部將在7月14日，舉行晶片身分證研討會。這場研討會堪稱高官雲集，從行政院常任顧問、數位政委，資安處處長，到內政部常務次長、戶政司長等，都擔任了會議要角。整場研討會的議程，基本上是圍繞在愛沙尼亞與德國在晶片身分證的推動經驗上進行討論，所邀請的國外講者，也多是上述兩國的技術專家及政策推動者。簡言之，當前會議的議程，大體是在「必定要發行晶片身分證」去進行規劃。由於「發行與否」基本上並非會議的討論核心，想當然爾，隨之而來「發行是否需要調整相關法制」的討論，缺如也是正常。而本文的重點很簡單：晶片身分證的「發行與否」，真毫無討論必要嗎？方便、防偽vs.隱私晶片卡（或智慧卡，Smart Card）近年來被世界各國普遍使用，在信用卡、駕照、或身分證等，都可以見其應用。以身分證為例，相較於傳統的紙卡，晶片身分證最常被提出的優點是方便效率、安全防偽。一個高度電子化的政府，可以透過各種晶片身分證的應用，提升行政效率，降低行政所需花費的成本。此外，由於晶片身分證可儲存生物資料（如指紋、虹膜等），或有自身特殊的加密機制，也被認為可減低身分盜用的風險，並連帶減低因身分盜用後續產生的問題，如恐怖攻擊、金融詐騙等。以上優點，也都是我國內政部近幾年推動政策時所特別強調的重點。然而方便或安全的取得，往往並非毫無代價，而最常與之交換甚至犧牲的，除了錢，就是個人的隱私。無論是在香港或美國的案例研究中，我們都能發現類似的憂慮。那樣的憂慮主要來自政府建置了晶片身分證的系統後，可能會持續擴充應用，使該卡片逐漸成為市民日常生活不可取代的工具。更甚者，或許短時間內，國家會保留一些彈性，不強制所有人更換成晶片身分證，但問題在於，系統性誘因的建置，是否會使不擁抱新科技的人被邊緣化，甚至污名化，而被迫改變其行為模式，從而釀造了許多隱私侵犯的可能？什麼是邊緣化，最單純的情形是，倘若因為你堅持不啟用新服務，而造成行政人員的麻煩時，你能忍受多少次隨之而來的臭臉？至於隱私侵犯的例子更不難設想。好比讀卡機在讀取卡片時，是否會因認證所需，額外產生卡片被讀取的時間、地點、或其他過往不用被得知的資料？而這些過往紙卡不會產生的資料，未來將會被誰蒐集，它們是否可能就足以描繪某個人生活的輪廓？政府機關（間）又是否會有濫用或彼此分享資料的行為？類似的質疑，幾乎是每個發行晶片身分證國家都必須面對的事。可能喪失的資訊自主權更別說在台灣，政府忽視人民資訊自主權，企圖以模糊定義的「國家安全」或「公共利益」濫用人民資料的案例，早不是新鮮事。我們是個連悠遊卡消費紀錄、ETC行車紀錄，都可以被警察當作辦案線索的國家，這樣的國家又要如何擔保晶片身分證的使用，不會成為下一套國家用以監控人民的機制？此外，對於統一的憑證認證機制及其衍生資料的問題，政府真有可能建立一套機制，以紀錄所有政府機關（包含國安單位）的資料瀏覽或取用狀況，並提供當事人隨時檢視或申訴嗎？或許有人已開始認為上述都是危言聳聽，但不妨耐著性子，讓我們再次回頭看看對岸，更加危言聳聽一下。自2015年7月起，中國已全面要求入境中國的台灣人須持新式的卡式台胞證，而在今年年底，更預計將更換為第二版的卡式台胞證。未來卡式台胞證據傳可用來快速地登記旅館、刷進火車或高鐵站、使用各種公共系統等；而誘人的「快速」背後，所犧牲的行蹤或位置資料，甚至與此關聯的交友資訊，可能都是過往相對毋須擔心的風險。場景再拉回台灣，晶片身分證能有效避免卡式台胞證的風險嗎？甚至更根本的提問是，我們有辦法在「不可知的未來」也免除這種風險嗎？我們還記得就在上個月底，蔡英文總統才跟企業與談，討論是否要建置以指紋、臉型、虹膜等生物特徵為主的「國家級身分識別機構」嗎？還記得蔡英文總統在還未上任前，就拜訪過專長監控科技的大猩猩科技嗎？我們知道自己的國家元首有多熱愛監控科技嗎？晶片身分證應納入立法或修法的討論也因此，回到本次研討會的愛沙尼亞和德國。且不談愛沙尼亞或德國建置晶片身分證系統的政經背景，針對晶片身分證，愛、德國家其實都各自定有專法（愛沙尼亞：身分文件法（Identity Documents Act）；德國：電子身分證法（Personalausweisgesetz））。透過這些法規，晶片身分證本身所存放的資料、可讀取晶片的單位與時機、晶片相關功能的開啟與關閉、憑證資料庫的管理與使用、資安措施等，都得到了相對明確的規範。但反觀台灣，目前與身分證有關的法規，僅有《戶籍法》在紙本時代所構想的第51-62條，而在這幾年有關晶片身分證的討論中，也從未公開聽聞行政機關有立法或修法的打算。前述的說法當然並不立即指向我們應該立專法。畢竟除了《戶籍法》外，台灣依然有《個人資料保護法》、《電子簽章法》等相關的法律。新的晶片身分證政策是否符合這些法律是一個須考量的重點，但這些法律是否已充分保護民眾的隱私，則是另一個重點。這些「理應」是我們在思考晶片身分證議題時首先應碰觸的議題，但卻徹底消失在內政部這次舉辦的會議議程中。方便、效率、資安佔據了所有討論，而我們甚至根本還沒提及「為何我們需要一套身分證制度？」這個老掉牙的問題。隱私權不等於資訊安全隱私權不等於資訊安全。一直以來，將隱私與資安劃上等號的迷思，一直充斥在晶片身分證，甚至我國政府多數有關隱私權的討論中，這可能也是導致內政部擬出本次研討會議程的主因。資訊安全雖與隱私有關，但其概念內涵主要是資訊不被未經授權的人取得；而隱私權範圍實則更廣，它包含個人可以決定如何處理、利用自己資料的權利，也包含個人確保自己被蒐集的資料僅為必要資料的權利。而這樣的權利，無疑與數位時代的個人人格自主發展密切相關。在這樣的前提下，我們想請教內政部，是否該先回頭，嚴肅面對以下這個更根本的問題：台灣是否該發行晶片身分證，如果要，考量可能存在的風險，又該調整哪些法制？ ,-0.995026562883,-1.0,0.999329,-0.995697472765,Negative,Negative,-1
apl201707130010001,http://www.appledaily.com.tw/realtimenews/article/strange/20170713/1159749/窘到無話可說復古畫詮釋現代人才有的尷尬,窘到無話可說 復古畫詮釋現代人才有的尷尬,2017/07/13 00:10,說到浮世繪是日本一種傳統繪畫藝術，畫作往往散發日本特有的歷史風味，但卻有畫家利用這復古風，重新詮釋現代人的窘境。日本一名推特「山田全自動」以浮世繪為主發表自己的創作，靈感多來自於生活周遭，再搭上一排句解說，表現出現代人在社會上所面對的各種尷尬，很快獲得大眾的共鳴並分享，推特追蹤人數已超過9千，IG粉絲卻已突破8萬。(貢曉立／綜合報導)小編推薦【鮮奇片】看過嗎？ 台灣有這麼多像藝術品的植物種子【排行片】Tomod’s彩妝Top5 第二名補貨就架空【爽玩片】暑假出遊 這幾樣一定要帶！ ,0.365309614232,-0.668483080642,0.999855,0.696681217466,Positive,Positive,1
apl201707130010002,http://www.appledaily.com.tw/realtimenews/article/local/20170713/1159840/變態補教師　拐國一女拍下體特寫照,變態補教師　拐國一女拍下體特寫照,2017/07/13 00:10,台南市一名國中補教老師，涉嫌在兩年前誘騙、猥褻一名國一女學生，在補習班教室內要求女學生露出下體，拿手機拍攝私密處。今年5月林奕含事件爆發，女學生才頓悟自己遭補教老師性侵，主動告訴家長並報案。檢警傳喚29歲邱姓教師，在他的手機內發現女性私密處特寫照片，背景是補習班教室，女學生看過照片，發現這張照片不是她的，竟然是另外一名女學生的。檢警認為，邱姓教師至少拍攝兩名女學生私密處照片，他坦承涉案，全案依妨礙性自主罪移送台南地檢署偵辦。家長向《蘋果》爆料「台南市一名國中補教男師誘騙女學生事件」。邱姓教師今年29歲，長相斯文，是一家中型補習班的理化教師，他涉嫌在兩年前誘拐當時就讀國中一年級的女學生。邱男向女學生示好，表示對方氣質優雅，為了讓女學生功課突飛猛進，特別留下對方在教室內個別輔導。邱姓教師利用短暫時間，在補習班教室內猥褻女學生，甚至要求對方露出下體供他拍照，藉此意淫。因邱姓教師沒有動手碰觸女學生下體，對方自認「不嚴重」，隱忍迄今。直到今年4月底爆發林奕含事件，女學生才驚覺邱姓教師「獸行」，她告訴家長，並通報台南市家庭暴力暨性侵害防治中心。檢警傳喚邱姓教師到案，竟在他的新手機內發現多張女性的私密處裸照，其中一張背景竟然是補習班教室。檢警拷貝照片供女學生確認，她表示照片不是她，檢警懷疑還有另外一名女學生受害，經過私下訪查，又找到另外一名被害女學生。邱姓教師否認涉案，辯稱手機內的私密處特寫裸照，是她從網路下載，他絕對沒有侵害補習班學生。但檢警根據照片的原資料，發現拍攝時間是兩年前，地點是在補習班，相關事證明確，全案經初步調查，確認邱姓教師觸犯妨害性自主罪。因邱嫌非現行犯，警方將全案函送台南地檢署，後續由檢察官追查是否還有其他被害人。（辛啟松／台南報導） 【小編推薦，大家都在看......】7男女摩鐵吸毒　呆問：包尿布是真的嗎紅車男一句話浪漫求婚　踩中女友大地雷【獨家】林子偉大聯盟發光　阿嬤心疼他吃嘸這味,0.112096605265,-1.0,0.999908,0.112004694903,Positive,Positive,1
apl201707130010003,http://www.appledaily.com.tw/realtimenews/article/3c/20170713/1159876/手遊《白貓Project》將推神秘企劃　新關卡與角色將登場,手遊《白貓Project》將推神秘企劃　新關卡與角色將登場,2017/07/13 00:10,由日本Sony集團旗下之網際網路服務事業So-net所代理的免費3D動作角色扮演遊戲《白貓Project》日前在粉絲團預告，將會公布新的神祕合作企劃。而日前也在給媒體的邀請函中寫道將會推出新島嶼關卡及3位限定新角登場。今(13)將舉辦活動記者會，將公開企劃全貌外，So-net的新辦公室也將首度對媒體曝光。《白貓Project》無複雜的操作介面，玩家只需簡單的點擊畫面就能進行攻擊、放招等不同的操作，且角色都有日本聲優進行配音。不僅在故事劇情上，在聽覺上也有不錯的遊玩體驗。而代理《白貓Project》的So-net也將首度對媒體曝光新辦公室全貌，可一探究竟手遊公司的辦公室究竟是甚麼樣子。（莊哲瑋／綜合報導）小編推薦【香港直擊】開Uber門檻變高 靠這些來找駕駛【搶便宜】3C賣場拚價　電扇不到400元  ,0.94519451606,-0.999497193293,0.999945,0.945642486493,Positive,Positive,1
apl201707130009000,http://www.appledaily.com.tw/realtimenews/article/strange/20170713/1159796/【愛漂亮】超限量手工小書少女心快搶！,【愛漂亮】超限量手工小書  少女心快搶！,2017/07/13 00:09,蘭蔻與法國設計師Olympia Le-Tan合作推出「夢幻樂園」系列，包括絕對完美唇膏、激光煥白輕感氣墊粉餅、唇露等明星商品共11樣，已經在網路上掀起可愛風暴！設計師Olympia Le-Tan以復古童趣風格受到喜愛，其中主打的眼唇頰彩盤就像一本小書，以手工刺繡為書封，打開後則是彩妝盤，內含底膏、腮紅、眼影等，這些色彩都是設計師Olympia Le-Tan挑選出具代表性與吸引她的作品，色號名稱也保留了上市年份，非常具有收藏價值，這系列商品台灣預計8月上市。(解光芸／台北報導)圖／品牌提供新鮮試用文及美容訊息快加臉書社團「蘋果花愛漂亮」小編推薦【鮮奇片】看過嗎？ 台灣有這麼多像藝術品的植物種子【排行片】Tomod’s彩妝Top5 第二名補貨就架空【爽玩片】暑假出遊 這幾樣一定要帶！ ,0.965551201791,0.825895658872,0.999876,2.79132240617,Positive,Positive,1
apl201707130008000,http://www.appledaily.com.tw/realtimenews/article/entertainment/20170713/1159559/【泡牛郎風波】劉曉憶41歲剩女忙於減重　高中熱戀張兆志,【泡牛郎風波】劉曉憶41歲剩女忙於減重　高中熱戀張兆志,2017/07/13 00:08,41歲劉曉憶被控泡牛郎不付錢，她出身演藝世家，母親是唱紅《一朵小花》的資深歌手孔蘭薰，父親是70年代中視小生劉長鳴，劉曉憶似乎承襲雙親的演藝細胞，出道超過20年，近來多演出8點檔連續劇，2010年曾以《我的爸爸是流氓》拿下金鐘獎迷你劇集女配角獎，她至今未婚，最讓人熟知的戀情是在高中時和張兆志交往，她的「第一次」獻給了張兆志。劉曉憶出道時是清秀大眼美女，但近幾年隨著年紀增長，身材也越趨圓潤，最重時曾飆至95公斤，她為身材苦惱曾做過切胃手術，2011年切除3分之2的胃，170公分的她一度瘦到70公斤，但之後又復胖。她近來因和《牡丹花開》同劇演員李㼈打賭減重，已從75公斤瘦到68公斤，成功甩肉7公斤，據悉還吸引瘦身代言。劉曉憶至今小姑獨處，她曾坦言媽媽曾擔心，想介紹對象，但現在媽媽已覺得女兒沒碰到好的就別嫁了。反而是媽媽孔蘭薰戀情較為豐富，她曾有2段婚姻，和第2任老公劉長鳴戀愛談了2個多月，因懷孕而結婚，婚姻在劉曉憶3歲時畫下句點，而孔蘭薰離婚後獨力扶養女兒，單身39年至今未再婚。（宇若霏／台北報導）【相關新聞】【獨家控訴】8點檔女星叫檯還咬人　男公關出面控白玩(動畫)【大家都在看】【狗仔直擊】利菁又進廠！進出整形診所變這樣【獨家】陳國華夫婦南法飯店遇劫　辣妻迷煙轉醒求助無門【live名人大平台】今晚8點黃子佼PK陳孫華　掏寶貝尬潮味 ,-0.700787307938,-0.99999999999,0.995345,-0.705442609499,Negative,Negative,-1
apl201707130008001,http://www.appledaily.com.tw/realtimenews/article/forum/20170713/1159654/私教工會：讓體質差的學校退場才是救學生,私教工會：讓體質差的學校退場才是救學生,2017/07/13 00:08,王宏男／台灣私立學校教育產業工會理事在2017年5月《親子天下》王韻齡老師引用教育部國民及學前教育邱乾國署長一句話作為標題「讓不適任教師退場就是救學生」，筆者認為名稱可以改一下。現階段政府更該做，迫切做的是讓不適任「學校」退場才是救學生，當然也可以解釋為「讓體質差的學校退場才是救學生」。依據教育部統計處2017年資料顯示，我國私立高中職有211所，不含公立的156所；而私立大專院校有107所，不含公立50所，私立高中職加上私立大專院校共318所。2017年12年國中畢業生為23萬7933人，逐年遞減1至2萬人；而2017年大學名額有24萬2825人，僅17萬2921人報考。學校因應3年後的這批2017年國中畢業生，人口銳減之下教育部定會擬定策略減招；而私立高中(職)與私立大專院校，勢必在紅海競爭環境下搶學生，因此招生就會是學校存續關鍵。資方也會將招生壓力轉嫁到勞方，也就是教師身上，而產生更多問題。此外，小校經營沒那麼多金子銀彈更是維持不易，特別是學生數高中（職）低於500人，大專院校低於3000人的學校，光收學生學雜費很可能無法應付龐大教師薪水。而現在教育部擬定退場機制模糊不清且方向不明，姑息養奸縱容私校胡作非為。最常見的私校高中職亂象分別是招生綁聘約、公款挪用、合法掩護非法，最後是詐領鐘點費，以下將分別逐一說明：一、「招生綁聘約」，教師基數未達標準者隨即解約最常見的潛規則，是第一年招生未達標準，也就是校務會議通過的招生基數，教師還可收到聘書，一旦第二年再次未達標準的話，下場就是捲舖蓋走路。過去的教師教學品質已不再受重視，校方重視的是招生基數，也就是你能為學校帶來多少位學生，以達到最低開班人數，校方對教師規範是無所不用其極。解聘就是對招生不佳教師武器，方式更是粗劣，依據《教師法》14條：「學校教師評審委員會依第十四條規定作成教師解聘、停聘或不續聘之決議後，學校應自決議作成日起十日內報請主管教育行政機關核准，並同時以書面附理由通知當事人。教師解聘、停聘或不續聘案於主管教育行政機關核准前，聘約期限屆滿者，學校應予暫時繼續聘任。」然而很多學校未經教師評議委員會通過的程序，或書面通知當事人的程序，就要教師辦離職手續，蔑視勞工權益；並使用各種手段要求所屬自願離職，迴避法令，目的在避免付出龐大資遣費。二、申請計畫案「公款挪用」，用在招生宣導與新生入學獎助學金遇缺不補，人力吃緊，是私校在少子化下最常見現象。而公校與私校最大不同是私校必須申請很多計畫案才能維持經營，否則就很可能陷入經營困窘；公校則有穩定財源支持，計畫申請是為了績效而非生存。而每年均質化、優質化、品德教育、家庭教育、學習扶助、職場體驗、就業導向專班等琳瑯滿目計畫，少則幾10萬動則上百萬元，是各校爭取肥肉。特別是計畫案中的資本門，最容易低價高報，校方將省下的經費挪用來促進招生。舉資源教室輔導員為例，2017年全國高中職補助通過40位資源教室輔導員，每年國民及學前教育署補助每校一位60萬元整。資源教室輔導員工作內容不外乎教是管理資源教室，協助特殊學生需求與建檔。校方將腦筋動到這頭上，為節省人力，本該輔導員歸輔導室管理，就將輔導員安排去學務處當普通班導師，荒廢資源教室，影響特教生受教權。簡言之，即挪用國教署補助款，從事不當的派遣與工作，明確違反行政契約。至於其他計畫案中的資本門，則是最容易低價高報，校方將省下來的錢，拿來討好未來的新生，將政府補助經費挪用來促進招生，3C產品及獎助學金讓新生選擇。三、「合法掩護非法」設立三加四產學合作專班（或建教合作專班）以人才在地化為名，從事變相廉價勞工之實。即用合法實習名義，掩護不法的產學合作。在學的方面，三年在高中(職)每周上一天課(周六或周日擇一)，四年大學(原則上週末一天)；在產的方面，高中加上大學二者綁在同一間廠商，也就是必須要在工廠待七年。對於後半段不愛念書國中生，被短視薪水2萬1009元所迷惑而選擇，家長也會受國立大學光環所影響。這邊所要強調的是合作與執行方式出了很大紕漏，依據《高級中等學校建教合作實施及建教生權益保障法》，「第五條指出：學校依各年級專業課程需求，在不調整課程架構之前提下，使學生於寒暑假或學期中至建教合作機構接受職業技能訓練。」然而很多學校為配合廠家促進招生，隱藏事實僅讓學生偷偷在學校上一天課，其餘時間皆在工廠實習，嚴重違反第五條規定。四、學生數少的班級，違法併班上課「詐領鐘點費」以特殊教育為例，校方每年固定可得到教育部300多萬元經常門與資本門補助。依《高中特教法》規定，7人方能開班，3個年級3位班導師。少子化後，生源少裁更多的是老師，減為3個年級1位班導師。術科按規定分班上課，共同科目只好併班上課。因為違法，為掩人耳目，併班上課後的教室日誌分二個版本，實用版與評鑑板，實用版給學校教務主任看，評鑑版給教育部評鑑委員看。到了評鑑訪視，教育部官員只要看到會計核銷帳冊與教務處課表對照無誤，基本上很難抓到缺失。此外，學習扶助計畫通常是利用第八節課或其他時間，針對語文類較弱的學生加強輔導。然而上有政策下有對策，校方計畫是提了，教育部也通過了，問題出在未依法執行。實際上第八節課並非用來扶助學生，而是用來從事其他不相關活動，而犧牲學生權益。最後會計核銷，也只是抓幾位學生拍拍照片便宜行事，鐘點費輕鬆入袋。揆諸上述，私校問題政府責無旁貸，在政策混沌不明下，苦的是家長與學生，社會帶給家長錯誤的觀念，學校帶給學生錯誤的資訊。再則，資方學校違法亂紀事情層出不窮且變本加厲，勞方教師為保住工作則噤聲不語。在僧多粥少環境下，追本溯源仍是政府政策失當。有進者指出有進者指出「這十多年來，政策鄉愿一味標新，『養』虎不成反被犬咬，誰收這爛攤子？若政府再無長遠計畫，所有良善美意都將付諸流水，最後剩下廚餘一堆。」,-0.999998562583,-1.0,0.999981,-1.00001739765,Negative,Negative,-1
apl201707130008002,http://www.appledaily.com.tw/realtimenews/article/animal/20170713/1159777/【麻吉片】曾經是戰鬥犬的牠竟跟倉鼠變成好麻吉,【麻吉片】曾經是戰鬥犬的牠 竟跟倉鼠變成好麻吉,2017/07/13 00:08,臉書The Dodo分享一隻狗和倉鼠的故事，羅威納犬Razor原本被練成戰鬥犬，但後來被倉鼠Snickers的主人帶回家，沒想到一狗一鼠竟變成好朋友，而Snickers最喜歡在Razor身上爬來爬去，兩人的友誼令人羨慕。（陳映彤／綜合報導）資料來源： 臉書The Dodo更多內容，請上毛愛蘋果粉絲團推薦閲讀【幫助片】南非長尾猴擺脫汙名　終順利成長【救援片】流浪狗受困　救援人員耐心解救 ,0.850191141242,-0.23204286419,0.999998,1.61814625049,Positive,Positive,1
apl201707130008003,http://www.appledaily.com.tw/realtimenews/article/international/20170713/1159882/女網友約過夜　他赴約後被虐成紫屁股,女網友約過夜　他赴約後被虐成紫屁股,2017/07/13 00:08,見女網友卻遭虐打！中國廣州25歲的青年阿豪，日前到廣東英德市去見女網友，想不到根本遭到設局，他被帶進一間小屋後就遭到2名男子狂毆、劫財、拘禁，2天後凌晨獲釋時已經全身瘀青，整個屁股更是被打到變成紫色。據中國《廣州日報》報導，阿豪用微信「搖」到一名女網友，聊了好幾天覺得很愉快，對於便邀他見面並過夜，他便於7月9日上午搭車到英德找女網友，在場還有一名女網友的女同事。3人後來到女網友住處，想不到一進去2女便離開，屋內的2名男子則將阿豪帶到一間空房間，之後便被拿走手機暴打，「剛開始是打臉和背，一直打了幾個小時」。隔天對方又用粗木棍狂打阿豪屁股，邊打還邊要求阿豪轉帳，轉完帳又命令他用微信和打電話到處借錢，最後總共被轉走5、6千元人民幣，手機、平板電腦和銀行卡也都被拿走。阿豪到了11日凌晨才被放走，整個人全身瘀傷，半邊臉浮腫，而屁股最慘，則已全部變成紫色，阿豪目前仍無法坐下或躺下。目前警方已經介入調查。（即時新聞中心／綜合報導）【小編推薦】員工失誤陪飛　普吉島拖曳傘遊客空中墜海亡 女駕駛對酒測棒這樣做　網友笑噴：老江湖 大雨就在前方！騎士們換裝只能衝了,-0.353431161622,-0.999999999784,0.999882,-0.35354965544,Negative,Negative,-1
apl201707130007000,http://www.appledaily.com.tw/realtimenews/article/animal/20170713/1159770/【幫助片】南非長尾猴擺脫汙名　終順利成長,【幫助片】南非長尾猴擺脫汙名　終順利成長,2017/07/13 00:07,長尾猴（Vervet monkey）在南非被視為有害動物，在法律上甚至被定義為害蟲，引起當地人的敵視、十分可憐。根據粉絲頁Dodo Impact分享的影片，有群熱心志工，為的長尾猴孤兒們成立收容所，不只提供了照顧，還在小長尾猴準備好時，讓母猴接手照顧陪伴，避免這些可憐小猴因汙名化而落於被捕殺的命運。（廖家葆／綜合報導）更多內容，請上毛愛蘋果粉絲團推薦閲讀【麻吉片】曾經是戰鬥犬的牠 竟跟倉鼠變成好麻吉【救援片】流浪狗受困　救援人員耐心解救 ,0.288674380365,-0.997505633689,0.940088,0.231256482328,Positive,Positive,1
apl201707130006000,http://www.appledaily.com.tw/realtimenews/article/entertainment/20170713/1159561/【獨家】陳國華夫婦南法飯店遇劫　辣妻迷煙轉醒求助無門,【獨家】陳國華夫婦南法飯店遇劫　辣妻迷煙轉醒求助無門,2017/07/13 00:06,音樂人陳國華與老婆Ivy上月29日到法國南部二度蜜月，沒想到過程狀況不斷，第2天不慎搞丟護照，幸好隔天找回，第4天起床，又發現包括兩支iPhone和平板電腦、數位相機，與新買的VR360、香菸與首飾等財物全都不翼而飛，總損失約20萬元，她心有餘悸地說：「小偷在我們完全熟睡情況下入侵，但我都沒有知覺，我是很淺眠也很容易頻尿的人，朋友說我們可能被他們用迷煙迷昏，所以沒有感覺，其實若有感覺起床抓人也不一定好，萬一衝突起來，人受傷不更慘？就當財去人安樂了。」他們是清早7點發現財物不翼而飛，Ivy說，「老公把我搖醒，發現手機平板等都不見了，到樓下櫃台反映時，已瞥見隔壁房的俄羅斯夫婦正在跟櫃台反映且報案，對方也是損失慘重，連重機鑰匙都被偷，不知該如何騎車，警方到場後，也僅問他們，幾點睡覺？狀況如何？損失多少？根本沒有進房採集指紋等證據」。最離譜的是，他們住的是南法4星級的PALMYRA GOLF HOTEL，飯店走廊竟沒有監視器，飯店理由是說，「我們是講人權的國家，所以不能裝監視器拍到客人隱私」，Ivy無奈表示：「飯店雖然說有保險，但沒問清楚我們財損狀況，也沒有說要如何匯款給我們，想想可能會被蒙混掉。」飯店還說，幸好他們沒有驚醒，否則要是跟嫌犯打鬥或爭鬧起來，後果不知如何，因之前有人因打死竊賊，被抓去關，但法國講人權，可以把小偷抓起來，不可對他的身體有侵犯。Ivy說過去出國也曾被扒被搶，但這次最可怕，因為完全沒有感覺之下被洗劫財物，手機中孩子們的成長照片也全都沒了，相當難過，看到法國警方辦案，她覺得也是一絕，說要請刑警查案，竟還要預約，也算開了眼界，那地方再也不會去了。（葉文正／台北報導）【大家都在看】【獨家控訴】8點檔女星叫檯還咬人　男公關出面控白玩(動畫)【泡牛郎風波】劉曉憶41歲剩女忙於減重　高中熱戀張兆志【live名人大平台】今晚8點黃子佼PK陳孫華　掏寶貝尬潮味,-0.817861927168,-1.0,0.729315,-1.08854736151,Negative,Negative,-1
apl201707130006001,http://www.appledaily.com.tw/realtimenews/article/forum/20170713/1159651/律師陳又新：當法令跟不上新創步伐,律師陳又新：當法令跟不上新創步伐,2017/07/13 00:06,陳又新／律師針對無樁共享單車oBike停車問題，雙北管制不同調：新北市禁止具營利性質之oBike佔用公用停車位，台北市則認為停放於已劃定的自行車停車位或機慢車位就不需處罰。不論態度為何，雙北市面臨的其實是同一個問題：當為了環保、健康等理由而推動單車成為都市運輸工具一環的同時，如何解決因缺乏法令規範與管理制度而產生的亂象。台灣現行法規對於單車根本是毫無規範，基本上係比照「機慢車」之管制標準，但在管制強度有限的情況下，oBike所產生之外部成本確實會比有政府支持、有樁式的Ubike來得大。要解決這個問題就必須正視這些環保運輸工具亦有管制之必要，例如以編號管理，並鼓勵私有化及登記制度，以個人名義持有的單車不課徵額外使用費，但公司或團體所有具營利性質者，則需考慮另行課徵道路使用費，並比照機車繳納停車費。如此一來，共享平台可以合法營業，透過登記制度，亦可針對違停之單車所有人進行處罰。現行台灣有樁式租賃市場已被微笑單車給壟斷，開放其他業者進入競爭未必不是好事，然而政府針對新創產業帶來的衝擊，必須具備更快、更好的反應能力，並且要能適時彈性修正制度。在新創產業領域，由於管制法令往往尚未能建立，如果仍高舉依法行政的大旗，那就會導致所有新創產業遭到扼殺的結果。另就業者的立場，將創新產業產生的外部性考量在內，而非表明挑戰法律底線，才是正確的態度；以iRent租車為例，該公司即考量可能產生的外部成本後，將汽車都停放在私有停車場而非公有停車格，避免因其營業行為，長時間佔用、排擠公眾停車使用而影響停車秩序。惟有透過管制規範的建立，並將外部成本合理地導入業者成本中，這種新創的商業模式才有可能與現行社會順利地融合。而政府一昧排斥，貿然採取鐵腕措施，對商業創新毫無助益，也只是讓公務體系背上守舊迂腐的黑鍋而已。,-0.948985795773,-1.0,0.999996,-0.948989848889,Negative,Negative,-1
apl201707130006002,http://www.appledaily.com.tw/realtimenews/article/animal/20170713/1159766/【救援片】流浪狗受困　救援人員耐心解救,【救援片】流浪狗受困　救援人員耐心解救,2017/07/13 00:06,印度動物救援組織(Animal Aid Unlimited)長年來一直在當地幫助許多無助、受傷的流浪狗，臉書Dodo Impact近日分享一段影片，這隻流浪狗意外被困在門上，不停哀號，看上去非常害怕的模樣，救援人員接獲消息趕到現場，先溫柔地安撫牠，等牠放下戒心、冷靜下來後再幫牠脫困，事後將狗狗帶回收容所，在那牠能受到妥善照顧，也有一群值得牠信任的志工會陪伴著牠。（吳宣／綜合報導）更多內容，請上毛愛蘋果粉絲團推薦閲讀【麻吉片】曾經是戰鬥犬的牠 竟跟倉鼠變成好麻吉【幫助片】南非長尾猴擺脫汙名　終順利成長 ,0.788111515656,-0.994004606943,0.999999,0.794106193458,Positive,Positive,1
apl201707130006003,http://www.appledaily.com.tw/realtimenews/article/life/20170713/1159874/大雨就在前方！騎士們換裝只能衝了,大雨就在前方！騎士們換裝只能衝了,2017/07/13 00:06,奇特景象！近日午後常有大雨，有網友在《臉書》社團「爆料公社」分享奇特一幕，新北市浮洲橋上被大雨分成兩個世界，大漢溪東邊大雨傾盆，而西邊則沒有雨，騎士們就趁著即將進入雨中世界時，趕緊在橋上穿上雨衣。網友們看了照片紛紛留言，「好神奇哦」、「好壯觀的場面，一群人停車換裝」、「大自然真奧妙」、「有雨衣就可以衝，沒雨衣等雨淋」、「1分鐘著裝時間...」、「看是換裝快還是雨雲移動快」。（即時新聞中心／綜合報導）【小編推薦】員工失誤陪飛　普吉島拖曳傘遊客空中墜海亡 女駕駛對酒測棒這樣做　網友笑噴：老江湖 女網友約過夜　他赴約後被虐成紫屁股,0.48409822081,-0.989522278628,0.999997,0.49457296195,Positive,Positive,1
apl201707130005000,http://www.appledaily.com.tw/realtimenews/article/international/20170713/1157364/誰是洪堡德,誰是洪堡德,2017/07/13 00:05,本內容由TED-Ed提供你聽過洪堡德這名字嗎? 大概沒有。這位地質學家和南美探險家是十八世紀的超級科學家。他旅行二萬四千英里，記錄並瞭解自然萬物及其棲地的關連性。George Mehler 於這一課為大家介紹洪堡德的著名事蹟，並告訴我們為什麼這些發現於現代依舊保有其重要性。（翻譯：Anny Chung，審譯：Hao-Wei Chang）TED-Ed【英文版】誰是洪堡德 ,0.54287387352,-0.187525599775,0.998922,1.35427002572,Positive,Positive,1
apl201707130005001,http://www.appledaily.com.tw/realtimenews/article/entertainment/20170713/1159560/【狗仔直擊】利菁又進廠！進出整形診所變這樣,【狗仔直擊】利菁又進廠！進出整形診所變這樣,2017/07/13 00:05,54歲「麻辣天后」利菁5月初回購物天后老本行，除了在Yahoo！奇摩網站直播購物節目繼續拚搏，主持節目也不忘另闢財源，似乎想讓自己在鏡頭前更好看，日前《蘋果》直擊她在老公許育仁陪伴下，一起離開李進良（阿良）開設的嘉仕美整形診所，戴口罩又戴帽子的她，幾乎遮住整張臉，之前她曾傳出花50萬元做正顎手術，如今不知是否又「進廠維修」，引人揣測。7月10日傍晚，《蘋果》直擊一位戴著口罩、帽子遮住大半張臉、都快遮到眼睛的女子，快步走出阿良的醫美診所，男伴在身旁緊隨，2人一走出診所大樓門口，便迅速攔計程車準備走人。記者近距離細看才發現原來是利菁跟老公許育仁， 2人上了計程車隨即往利菁住處方向駛去，雖是已近晚餐時間，利菁明顯不欲在外多作停留，只想直接回家，下車時許育仁一手提著大袋日用品，一手幫老婆開車門，一路「隨扈」利菁進家門，利菁和小14歲的許育仁5月8日才歡慶結婚15周年的「水晶婚」，感情此刻看來始終甜蜜如一。利菁先前曾傳出為了讓鼻子更挺，花50萬元做正顎手術，但當時她四兩撥千斤說「只是造型不一樣啦，但保養是一輩子的事，死的時候要比活的時候漂亮」來否認。如今又被直擊從醫美診所離開，對此她昨透過所屬經紀公司伊林表示：「老公先陪我去健身房運動，之後才去診所做體雕按摩背部20分鐘，而且老公還是第一次陪我去健身，讓我超感動的。」（特勤組、蔡維歆／台北報導）【大家都在看】【live名人大平台】今晚8點黃子佼PK陳孫華　掏寶貝尬潮味【獨家】陳國華夫婦南法飯店遇劫　辣妻迷煙轉醒求助無門,-0.64691097496,-0.999999999995,0.999998,-0.646913239932,Negative,Negative,-1
apl201707130005002,http://www.appledaily.com.tw/realtimenews/article/strange/20170713/1159659/【祕密客】充滿氣孔米麵包Q軟又保濕,【祕密客】充滿氣孔米麵包 Q軟又保濕,2017/07/13 00:05,這家原本在內科以餐盒起家的小餐館，3年前搬來大直，除了外帶餐盒外，也提供內用座位讓大家輕鬆享用，餐點以米食為主，甚至連勾芡醬汁也是用米漿製成。白松露蘆筍燉飯佐半熟蛋附上的濃湯及米麵包，加入米粉製作的麵包吃起來香Q，還有完整米粒增添風味，彈牙口感我喜歡。南瓜湯香濃滑順，搭配烤過的米麵包甜鹹脆口，為湯品加分。散發濃郁松露香氣的燉飯，佈滿蘆筍、蘑菇及玉米筍，還有一顆半熟蛋，緩緩流出的濃郁蛋黃及蛋香完全讓祕密客無法招架，燉飯中加入大量洋蔥，口味佳香氣足，只是選用苗栗米製成的燉飯口感較軟爛，有些可惜。餐後附上加入糙米的玄米茶，喝起來清新順口。單點的豆腐沙拉，毫無特色的基本搭配完全是靠甜甜胡麻醬讓我吃光它。內含沙拉、麵包、薯餅、炒蛋及漢堡排的起司漢堡樂活鐵盤早午餐，手工製作的內容讓人吃得安心，以藍柑橘製成的檸檬汁，酸酸甜甜好滋味。小巧的漢堡排，以純豬肉製作，口感偏肥但不油膩，一旁的嫩蛋倒是表現突出，香滑多汁又厚實，搭配麵包也不錯，還有這個加入紅栗米製成的薯餅，皮香酥內綿密，風味特殊。最後送上的這碟小菜，原來是被餐廳遺忘的燉飯前菜，只好讓我邊喝咖啡邊配菜。餐點堅持手工製作是優點，只是出餐順序和速度也要兼顧，可別讓客人乾空等啊！秘密客：我可是超好相處，除了肚子餓的時候。米時 Rice Moment台北市中山區明水路397巷5號(02)2533-1215小編推薦【鮮奇片】看過嗎？ 台灣有這麼多像藝術品的植物種子【排行片】Tomod’s彩妝Top5 第二名補貨就架空【爽玩片】暑假出遊 這幾樣一定要帶！ ,0.855936845375,0.999967703233,0.999796,2.85570087954,Positive,Positive,1
apl201707130005003,http://www.appledaily.com.tw/realtimenews/article/finance/20170713/1159885/大便是黃金？他說這坨屎是地表最安全投資,大便是黃金？他說這坨屎是地表最安全投資,2017/07/13 00:05,隨著全球經濟風險愈來愈高，全球最安全投資標的是什麼？以下這名專家的看法可能令人大感意外。美國金融部落客史密斯（Charles Hugh Smith）在他的部落格of two minds.com表示，蝙蝠糞（或海鳥糞）是全球最安全投資標的，以下是他認為蝙蝠糞是全球最安全投資標的的原因：1.最安全投資標的必須獲得源源不斷的龐大需求支撐：無論全球經濟發生什麼事，人們仍需要進食，他們將需要肥料來生產足夠食物以避免大飢荒，這意味他們需要蝙蝠糞和海鳥糞等高品質有機肥料。2.最安全投資標的不能有能在任何地方都能製造或取得的超便宜替代品：蝙蝠糞和海鳥糞是氮、磷和鉀很棒的來源，其中磷和鉀並不常見。史密斯認為，目前蝙蝠糞還沒有能馬上拿到且成本很低的替代品。3.如果金融法規改變可能摧毀1個投資標的，這個標的就不安全：政府修改法規會衝擊銀行存款、退休金和股票，但政府並不容易控制身為實體資產的蝙蝠糞，控制蝙蝠糞的成本也不低。4.交易熱絡的資產不安全：擁擠交易並不安全，因為如果所有船夫都在船的同一側，船會失去穩定。讓船翻覆不需要花太大力氣，市場先生通常不會讓參與擁擠交易的人笑太久。（林文彬／綜合外電報導）【財經焦點，一定要看】【偷拍動畫】郭董的20億飛機洩密了　美國工廠落腳這州？【吳寶春第二】他在台只有國中學歷　名校錄取後變「精英校友」【時間緊迫片】i8這2大亮點還有問題　工程師慌了【羨慕片】騰訊發紅包！　每位員工爽領178萬獎金,-0.725032657849,-0.999939837077,0.999994,-0.724978097762,Negative,Negative,-1
apl201707130005004,http://www.appledaily.com.tw/realtimenews/article/politics/20170713/1159822/【升級動畫】反年改游擊戰組織化　小英維安出動衝鋒槍,【升級動畫】反年改游擊戰組織化　小英維安出動衝鋒槍,2017/07/13 00:05,蔡政府推動年金改革，引發強烈反彈，反年改團體如影隨形抗爭，揚言總統蔡英文未來3年都會在「拒馬中出巡」，年改抗爭也傳出組織化，將透過由類似司令部的領導系統擬訂作戰計畫，事前還會進行場勘，確認蔡英文的行進路線。為了因應抗議行動，總統維安進入紅色警戒，提升到「反恐」層級，更新增配備有步槍、衝鋒槍等輕武器的火力隨扈車，總統府發言人林鶴明強調，國安單位就各種可能的狀況，嚴密各項因應準備的工作，「我們對維安團隊的專業深具信心」。（政治中心／台北報導）【推薦新聞】【離譜片】巴拉圭總統提3次蔣介石　外交部傳譯卻跳過不翻「寧漏翻也不亂翻」　3次省略翻譯蔣介石就是她！ ,0.796084934571,-0.999824673769,0.999999,0.7962589495,Positive,Positive,1
apl201707130004000,http://www.appledaily.com.tw/realtimenews/article/forum/20170713/1159650/彭明敏：爭論芝麻小事,彭明敏：爭論芝麻小事,2017/07/13 00:04,彭明敏／總統府前資政芝麻小事是美國總統的姓，用什麼漢字拼音。是「純正派」與「隨俗派」之爭。外國政要的名字，中文媒體向用發音接近的漢字代表。例如羅斯福，杜魯門，尼克森，雷根，布希，歐巴馬。現在美國總統Trump，中國中文媒體也依照傳統，以「特朗普」代表之。獨獨台灣中文媒體，冒出一個「川普」來叫美國總統，明明是Trump，怎會變成Chuamp，可能是英美人發音Trum轉舌較快，不熟英語者聽起來好像是Chuan，結果誤用「川」來代表。「隨俗派」認為大家習慣「川普」，使用就好。有人甚至主張「川普」才對，「特朗普」是錯的，好像台灣人有權決定英語應該怎樣發音似的。英文有一諧謔造句叫Chinglish諷刺「中式英語」，包括漢文英譯和英文漢譯，有令人微笑的如「好久不見」，直譯long time no see，美國男生喜歡用此「中式英文」幽默互相招呼，有的「中式英語」卻令人噴飯，如將中文「小心滑倒」，英譯please slip carefully，劇院「出口」標示，英譯為export。「川普」也屬「中式譯語」。「維基百科」也用「川普」。但是「維基」是地方（台灣）媒體怎麼寫就照樣抄，沒有自己的立場，是另一種「隨俗派」。「維基」敢在中國以「川普」叫美國總統嗎？不被中國人嘲笑為「草包」才怪。「川普」在台灣普遍使用，已無可能改變，是「隨俗派」的勝利。就此事來說，中國媒體顯得認真嚴謹，尊重正確英語發音，台灣則較懶散馬虎不嚴謹，不尊重正確英語發音。「川普」只是表示台灣人不會正確發音一英文名詞而已，那位翻轉難測的巨富總統，其對台政策是否堅定支持台灣人民的基本權利，那才是大事。,-0.772000987238,-0.999999999929,0.99993,-0.772071082229,Negative,Negative,-1
apl201707130004001,http://www.appledaily.com.tw/realtimenews/article/strange/20170713/1159784/【爽玩片】暑假出遊這幾樣一定要帶！,【爽玩片】暑假出遊  這幾樣一定要帶！,2017/07/13 00:04,暑假旅遊旺季又到了，出外玩想要行李輕便，但少女們當然不肯犧牲妝容，否則怎麼拍照打卡讓大家知道自己玩得有多High！專業彩妝師Hanya Han幫少女們為化妝包提綱挈領，暑假出去玩，化妝包放這幾支就對了！保證妳又輕巧、又美到不行。到底是哪幾樣這麼重要？快看影片解答。(解光芸／台北報導)新鮮試用文及美容訊息快加臉書社團「蘋果花愛漂亮」小編推薦【鮮奇片】看過嗎？ 台灣有這麼多像藝術品的植物種子【排行片】Tomod’s彩妝Top5 第二名補貨就架空 ,0.64079560156,-0.268732812017,1.0,1.37206231271,Positive,Positive,1
apl201707130003000,http://www.appledaily.com.tw/realtimenews/article/entertainment/20170713/1159556/【獨家控訴】8點檔女星叫檯還咬人　男公關出面控白玩(動畫),【獨家控訴】8點檔女星叫檯還咬人　男公關出面控白玩(動畫) ,2017/07/13 00:03,劉曉憶近來演出台視8點檔《牡丹花開》，上周才過41歲生日，竟有讀者投訴她到牛郎店消費賴帳，記者循線找到受害者K公關，他表示她6月29日到長春路店內消費，喝了約5小時消費近2萬元，她口頭簽單至今未付，還抱怨被她喝醉酒咬臉、手，痛到唉唉叫。她昨透過經紀人回應，已致電該男承諾會轉帳，並說是手機螢幕壞掉不是失聯，也稱是對方以幫她慶生為由邀約，誤以為是對方請客才去，「我沒有不付啊」。劉曉憶在台視8點檔《牡丹花開》中對李㼈主動獻吻，上演女追男戲碼。戲外被爆愛玩牛郎店，讀者更進一步爆她玩完不付錢。輾轉聯繫上被欠款的K先生，前晚趁他上班前求證，他坦言此事，說她上月29日去店內喝酒，也先在電話中說好花2萬元去消費。她約凌晨12點多獨自到店內，中途因酒醉在店內睡了2、3小時，酒醒後又接著喝到清晨5點多店打烊。K先生說，劉曉憶來之前已經約定好要簽單方式，結帳時也有拿帳單給她看，金額是1萬7500元，他解釋在男公關酒店消費是算時段，術語是「一番」，基本一番是3.5小時，會有4、5個男公關陪酒。當時她在店內已待超過一番，因她中途有2、3小時睡著，所以幫她扣掉，若依規矩是要加錢，或是請消費者離店。他說通常都會讓顧客口頭簽單，也是一種信任，所以風險由公關承擔。當天劉曉憶喝到店打烊後，似乎還想續攤，又邀該店幾位男公關陪她去別家店繼續喝，於是早上又接著去2家卡拉OK店喝，依然是用簽單方式，據他印象，其中一家店消費是6千元。好奇劉曉憶在店內除了喝酒外，對男公關是否毛手毛腳，K先生說她不會毛手毛腳，但有個壞習慣，就是喝醉酒愛咬人，當天就被她咬到臉、咬到手，因她都是重重咬下去，回家發現被咬到瘀青。她愛喝威士忌等洋酒，也很敢喝，會用公杯的大杯子喝，也愛勸酒。K男稱喝完後約5天，他有打電話、傳LINE、臉書詢問帳款，但不是不讀、就是已讀不回，電話不接，他無可奈何上臉書抱怨，「某位八點檔女演員到店喝酒簽帳，幾天後竟電話不接不回，LINE也不讀不回，只剩電視上看的到人了…打聽後才知道受害者眾多…該不會是想利用負面形象炒作自己的知名度吧！有認識她的朋友，幫忙轉達一下…」。此篇發文一出，不少網友留言，有的說劉曉憶從以前就紀錄輝煌，還說10年前就簽帳沒還，還酸是「慣性累犯」。K先生苦笑說，他可能是最後一個知道的吧，希望未來不要有其他人受害，他感慨自己賺的也是辛苦錢，而且現在客人越來越少，他也透露過去輝煌時期曾月入百萬，現有6、7萬就很好了。劉曉憶昨電話不接，她透過經紀人回應，先說已經回覆對方，解釋是因為手機螢幕壞掉送修才沒回，劉曉憶不解「沒多少天怎麼會講成這樣」；後再透過經紀人還原事情，稱是該男一直說要幫她慶祝生日，還強調要她一個人來，她誤以為對方要請客，沒想到喝完，對方才說要付費，她沒帶現金只能簽單，對方也同意，她就離開。對慣犯傳言，劉曉憶說沒有啦，如果這樣她走得出去嗎？至於喝醉酒亂咬人，經紀人笑說：「大家都知道的事啦！」對劉曉憶說法，K先生說的確有邀請她來，但來不來是她家的事，怎麼會說得是他要害她。他說當天劉曉憶打給他說要去店內喝酒，並說會消費2萬元，最後是1萬7500元不到2萬元，他不滿說「因為妳一句話，我從桃園趕去搭計程車」，他說消費者付費，如果要請她就會請在外面喝，怎麼酒醉講話就不負責任。（特勤組、宇若霏／台北報導）【相關新聞】【泡牛郎風波】劉曉憶41歲剩女忙於減重　高中熱戀張兆志【大家都在看】【live名人大平台】今晚8點黃子佼PK陳孫華　掏寶貝尬潮味【狗仔直擊】利菁又進廠！進出整形診所變這樣【獨家】陳國華夫婦南法飯店遇劫　辣妻迷煙轉醒求助無門 ,-0.994988968637,-1.0,0.914333,-1.08065622118,Negative,Negative,-1
apl201707130003001,http://www.appledaily.com.tw/realtimenews/article/fashion/20170713/1159713/火辣注意！劉仁娜曬蠻腰辣腿秀Fakeme,火辣注意！劉仁娜曬蠻腰辣腿秀Fakeme,2017/07/13 00:03,韓國女星劉仁娜因演出夯劇《鬼怪》炸雞店老闆娘一角聲勢大漲，在劇中穿搭的單品也跟著熱賣，其中之一正是韓國潮流眼鏡品牌Fakeme的墨鏡。儘管劇已播畢，她和品牌依然密切合作，先前才替新店開幕站台，近來又拍攝性感形象照，要和炙熱的天氣比火辣。劉仁娜向來以優雅又保守的穿搭公開亮相，其實她身材凹凸有致。這回她大方展現姣好身材，身穿白色背心與丹寧熱褲入鏡，纖細蠻腰、辣腿統統一覽無遺，搭配嘟嘴自拍、撩髮、回眸等媚惑姿態，幾乎要蓋過主角墨鏡的鋒芒。Fakeme從6月30日開始至8月31日，在台北東區的Hotel V開設暑期快閃店，將在7月14日開賣數款首爾熱賣新設計，讓粉絲們可以跟著劉仁娜一起「火辣一夏」。（張家玲／台北報導）【大家都在看】楊冪倪妮速配GUCCI　瑪格莉特王后配竹節蜜蜂登場,-0.14290009126,-0.992416092524,0.999985,-0.135331561782,Negative,Negative,-1
apl201707130003002,http://www.appledaily.com.tw/realtimenews/article/finance/20170713/1159719/郭董重施死會活標秘技　繞道債權銀行逼東芝就範,郭董重施死會活標秘技　繞道債權銀行逼東芝就範,2017/07/13 00:03,誰掌控了東芝（TOSHIBA）命運？不是董事會、管理層、日本政府或美日韓收購聯盟，在結算上年度（2017年3月底止）總負債5816億日圓（約1580億元台幣）超過總資產那一刻起，債權銀行已然取得東芝前途的決定權，這一幕似曾相識，去年成功拿下夏普（SHARP）的鴻海董事長郭台銘應該再熟悉不過了。東芝出售半導體事業內定優先與日本產經省屬意的美日韓聯盟交涉，這個由日本產業革新機構（INCJ）、日本政策投資銀行（DBJ）、美國貝恩資本（Bain Capital）、南韓SK海力士（SK hynix）組成的收購團隊，有日本官方背書保證，看似十拿九穩將拿下東芝半導體，怎料卻未能如期在東芝6月28日股東會前敲定協議，一切在周二（11日）東芝與7大債權銀行會面後豬羊變色。面對銀行團壓力，東芝周二與三井住友銀行、瑞穗銀行、三井住友信託銀行等7家債權銀行代表會面，說明半導體事業出售進度，以確保銀行繼續提供維持營運必要的融資，但美日韓聯盟這個為了攔胡郭董、倉促組成的雜牌軍，內部直到現在仍雜音不斷，尤其南韓SK海力士（SK hynix）搖擺作態，讓銀行團很不放心。東芝與銀行團會談結束後，就傳出回頭找另2家同樣表達高度興趣的廠商鴻海、威騰電子（Western Digital，WD）協商，參與談判的某方人士向路透表示：「東芝沒有選擇餘地，因為與優先交涉團隊的協商失敗，只好找上其他競標人馬。」4大競標者中，口袋麥克麥克的無疑就是郭董了，他不止一次表示，可以拿出比其他對手更高的價碼來收購，出價超過2兆日圓（約5430億元台幣），就算東芝半導體已準備奉父母之命與「美日韓聯盟」訂終身，郭董7月初仍溫情喊話，會繼續守候半年。錢的味道銀行最熟悉！銀行最清楚誰能馬上掏出錢來，對債權銀行來說，民族尊嚴、技術外流都不是他們最需要操心的，東芝能還錢最重要。東芝出售半導體事業態度轉變，顯然與來自債權銀行的壓力有關。如今這局面與鴻海去年收購夏普幾乎如出一轍。去年1月底郭董親赴夏普總公司簡報後，率先改變立場支持鴻海的就是主要債權銀行瑞穗、東京三菱日聯。雙方談判最後階段，當夏普管理層還三心二意、扭捏作態的時候，也是債權銀行一槌定音，要夏普確保鴻海出資，才同意展延該年3月底到期的5100億日圓（約1380億元台幣）鉅額債務。夏普迫於沈重的還款壓力，在不展延就破產的情況下，只好伸出雙臂擁抱郭董。東芝3大債權銀行中，不乏郭董的老朋友，瑞穗銀行即在鴻海併購夏普時扮演關鍵角色，此次在鴻海競標東芝半導體事業中，同樣有使力空間。東芝半導體標售案看似死會，但郭董最擅長的正是死會活標，難怪媒體報導鴻海已在購併東芝半導體（記憶體）事業中出局，讓郭董氣到撕報紙，因為對郭董來說，這輪競標還只是熱身，他連肌肉都還沒秀出來，怎麼就說鴻海出局了呢？（財經中心／綜合報導）,-0.123834969665,-1.0,0.999991,-0.123844267989,Negative,Negative,-1
apl201707130003003,http://www.appledaily.com.tw/realtimenews/article/strange/20170713/1159763/【排行片】Tomod’s彩妝Top5第二名補貨就架空,【排行片】Tomod’s彩妝Top5 第二名補貨就架空,2017/07/13 00:03,日本藥妝通路Tomod’s商品琳瑯滿目，主打的開架彩妝品牌，也有不少好貨色，常是小資女搜刮寶物的好地方，現在就來看看Tomod’s開架彩妝Top5，你入手了那些？（李育道／台北報導）小編推薦【鮮奇片】看過嗎？ 台灣有這麼多像藝術品的植物種子【爽玩片】暑假出遊 這幾樣一定要帶！ ,0.852487707645,0.633727658577,0.999264,2.48547954688,Positive,Positive,1
apl201707130002000,http://www.appledaily.com.tw/realtimenews/article/entertainment/20170713/1159472/【蘋果網劇】安心亞甩教鞭馴阿KEN　擠出「一條拉麵」~第4集,【蘋果網劇】安心亞甩教鞭馴阿KEN　擠出「一條拉麵」~第4集,2017/07/13 00:02,蘋果網劇《五味八珍奈ㄟ安內》轟轟烈烈演至第4集，安心亞變身麻辣女教師，下麵給阿KEN吃。但這非「等閒之麵」，是出過偽章魚燒、偽披薩、荼毒過他們兩次的日本和果子微料理系列產品。上次被安心亞氣到飆血壓的阿KEN故意不讓她出場，圖個清靜，但只能清淨2秒鐘，安心亞就執著教鞭入鏡了。她自詡對這類「食玩」已知之甚詳，阿KEN問「第一個步驟是什麼」，她秒回「我忘了」，記憶力差不多就是一隻魚。超離奇，最後拉麵是一條、一條擠出來的，可以稱之為「一蘭拉麵」的弟弟「一条拉麵」，兩人為了麵條要不要擠斷再度拌嘴，真的很愛吵欸。至於「一条拉麵」味道如何，能得幾分呢？安心亞給了「天呀~弱逼零」分，表情爆笑絕倫，詳見影片。（影創中心／綜合報導）【爆笑傳送門】第一集：【蘋果網劇】安心亞阿Ken煮出曖昧滋味　5天動情全紀錄第二集：【蘋果網劇】安心亞脫掉制服　阿KEN調戲她巨嬰第三集：【蘋果網劇】火大！安心亞阿Ken對罵　鬧到清場●「植劇場」繼佳評如潮原著改編系列《花甲男孩轉大人》後，《五味八珍的歲月》壓軸登場，由安心亞演出台灣家喻戶曉的傅培梅，回到1950開始那段學習烹飪過程的歲月。植劇場原著改編系列《五味八珍的歲月》7月14日起每周五晚間10點台視首播、每周六晚間8點八大戲劇台播出，每周五晚間24點於愛奇藝台灣站準時上線。※好片，要讓全世界看見。搞笑自拍、唱歌跳舞、感人故事、開箱體驗、新知分享甚至商業廣告毫不設限，只要好玩，放馬過來，全台最大流量新聞網站《蘋果》就是你的舞台。投稿影音作品請寄《蘋果》影創中心 picshow@appledaily.com.tw ,0.968444034678,-0.999976934606,0.999972,0.968439324308,Positive,Positive,1
apl201707130002001,http://www.appledaily.com.tw/realtimenews/article/forum/20170713/1159647/趙少康專欄：台灣未來會怎樣,趙少康專欄：台灣未來會怎樣,2017/07/13 00:02,趙少康／廣播電視主持人最近有媒體調查大學校長，8成都認為台灣的大學優勢最多只有3年，大部分的校長都認為教育部管太多，建議大學自由化是唯一解決之道，讓大學收該收的學生，發展該發展的特色，在歐美大學越來越多元化的時候，教育部再這麼管下去，會把大家都管死了。該開放自由化的何止教育部，整個台灣都被政府綁死了，這個也管，那個也管，台灣現在面臨嚴重困境，最需要自由與彈性，才能蓄積能量，在國際上殺出一條血路，公務員心態本來就保守，但求無過，不求有功，平平安安到退休，領取年金過餘生。台灣是小地方大政府，政府的手無所不在，公務員無所不管，管了幾十年，管到經濟越來越差，投資越來越少，管到國家越來越窮，管到必須大砍退休年金，再這麼管下去，台灣只會無路可走。馬英九喊了8年「鬆綁開放」，鬆綁了什麼？開放了什麼？什麼也沒有更加自由化！公務員根本不吃你那套，上有政策下有對策，什麼也沒有放鬆，權力牢牢抓在手裡。到了蔡英文主政，情況更加悲觀，民進黨原本就比國民黨左傾，更要大政府，更要什麼都管，一切要公平，一切要社會正義，最好把有雄心壯志，有能力肯苦幹的人都拉下來，最好大家都一樣，就不會有貧富不均，就不會有反商、反富、反權威情節。所以教育部怎麼會給大學自主決定學費？那學生不是要造反了？只要學生不抗議，立委不抨擊，大學辦的好不好又有什麼差別？不惹是生非最重要。現在常有人問我：「台灣將來會怎樣？」我實在不敢樂觀，因為找不到什麼理由樂觀，蔡英文顯然是一個沒有足夠能力的總統，推著一個沒有足夠能力的內閣，捉襟見肘、紕漏百出，一朝權在手，大大的亂搞一番，有辦法的人不會跟你吵，幹嘛得罪你，偷偷跑了就算了，或是把資產移到可以賺錢的地方，最倒楣的是渴求公平正義的小老百姓，不但沒有得到自己想要的，反而會丟掉自己已有的。不是不能對抗，有志氣當然好，但蔡英文既然擺出要跟對岸硬幹的姿態，就要做好硬幹的打算，要全民都有心理建設，要做好長期堅苦奮鬥甚至過苦日子的準備，就像蔣介石要反攻大陸，就要有被大陸「血洗」的風險：兩岸緊張，去中國化，向台獨靠近，軍隊就要加強訓練，隨時要對抗進犯的共軍，否則我們每年花3千億元國防預算做什麼？用新南向取代西向，經濟一定會低迷，人民就應該束緊褲帶，減少休假，更加努力工作，學生要比大陸學生更加用功，更加有學問，使得台灣的菁英比大陸更菁英，勞工要比大陸的勞工更辛苦，更有生產力，服務業要比大陸的更有創意，更有吸引力，企業家要比大陸的企業家更有企圖心更敢冒險，在國際上爭一長短，台灣這麼小，要跟大陸翻臉不是不行，但就要更發憤更拚老命，如果一面要對抗，一面不想當兵，又想少工作多放假，只求小確幸，再過10年20年，兩岸會差得更遠。,-0.999576613606,-1.0,0.529935,-1.46964131326,Negative,Negative,-1
apl201707130002002,http://www.appledaily.com.tw/realtimenews/article/finance/20170713/1159824/諾貝爾經濟大師沒說的弦外之音　訪台後小心崩盤,諾貝爾經濟大師沒說的弦外之音　訪台後小心崩盤,2017/07/13 00:02,諾貝爾經濟學家、耶魯大學博士羅伯．席勒（Robert J. Shiller）訪台，昨受台新金控之邀，在台新銀財富管理論壇上以「金融與房地產市場的觀點和投資者心理學」為題發表專題演說。席勒開場就丟出震撼彈，稱這是他第4次造訪台灣，而前幾次他前腳離開，後腳股市就大修正，加上他認為美股已經偏高，再漲空間有限，談話透露出市場可能再度面臨震盪風險的弦外之音。席勒表示，2000年他第1次來台灣，隔沒多久網路泡沫破裂，造成美股崩盤，第2次來台是2003年，還好後來沒事，但2005年再次來台，隔沒多久就爆發美國次貸危機、房市崩盤，這次是他第4次造訪台灣。席勒表示，若以他發明的CAPE比（景氣循環調整本益比）評估，美股儘管仍會上漲，但往上空間不大，估值已經偏高，他個人不會加碼；陸股、歐股則處於相對便宜，也許還有獲利空間，台股則介於兩者之間。（財經中心／綜合報導）【財經焦點，一定要看】【偷拍動畫】郭董的20億飛機洩密了　美國工廠落腳這州？【吳寶春第二】他在台只有國中學歷　名校錄取後變「精英校友」【時間緊迫片】i8這2大亮點還有問題　工程師慌了【羨慕片】騰訊發紅包！　每位員工爽領178萬獎金 ,-0.477535354491,-0.999999974156,0.999992,-0.477542838832,Negative,Negative,-1
apl201707130001000,http://www.appledaily.com.tw/realtimenews/article/entertainment/20170713/1156609/【live名人大平台】今晚8點黃子佼PK陳孫華　掏寶貝尬潮味,【live名人大平台】今晚8點黃子佼PK陳孫華　掏寶貝尬潮味,2017/07/13 00:01,「亞洲造型王」陳孫華老師主持「蘋果×孫華Live名人大平台」第21集啦！本集邀請到講究生活品味、收藏各種大小玩物的主持人黃子佼（佼佼），今晚8點一起進行「佼佼vs.孫華 寶貝大車拼」直播，欲知詳情請上《蘋果日報》、《蘋果娛樂新聞》以及《蘋果Live》高清直播。佼佼身為潮流觀察員，向來喜愛四處挖寶，例如復古懷舊老物、充滿見證歷史的品牌紀念物，或是潮流設計師製作的公仔，以及各國藝術家畫作、金工雕塑陶瓷等，在在顯示佼佼重視生活品味。陳孫華老師將帶家中寶物出來透氣，分享5樣寶貝車拚！你／妳家的寶貝收藏品是什麼呢？歡迎上線直播與我們分享，《名人點名》、《快問快答》、《隨身物突擊》和《黃子佼的寶貝》單元，想更了解名主持人的生活，敬請鎖定《大平台》直播，FB分享還能參加抽獎哦！（娛樂中心／綜合報導）【大家都在看】炎亞綸再談翻臉鬼鬼　霸氣嗆「不關你們的事」《蘋果娛樂新聞》粉絲團：http://goo.gl/phFgl3《蘋果日報》粉絲團： goo.gl/XO2qrG 《蘋果LIVE》高清：goo.gl/k4hjYd,-0.207935776136,-0.998021749506,0.999994,-0.205963605316,Negative,Negative,-1
apl201707130001001,http://www.appledaily.com.tw/realtimenews/article/strange/20170713/1159802/【鮮奇片】看過嗎？台灣有這麼多像藝術品的植物種子,【鮮奇片】看過嗎？ 台灣有這麼多像藝術品的植物種子,2017/07/13 00:01,屏東的後灣社區，除了有一彎清淺迷人的海灣、異國風海景民宿，還有許多特色，比如喜歡收集種子、善於瓊麻編織的柚子，以自家三合院打造的藝欣手作坊。愛玩哥來到這幢隱藏小產業道路裡、社區民宅內的手作坊，一進到室內立刻就被各種大大小小、而種顏色、造型的種子所吸引，這些都是柚子的收藏，她以台灣各地收集回來的植物種類，經過陽光曝曬、上油防腐等瑣碎手續，之後再將它們製成如鑰匙圈，或加上她的瓊麻編織做成掛飾、手環、項練等，讓人著實大開眼界。來到這裡，除了可透過柚子的解說認識各種種子，也可以玩個編瓊麻等DIY，或買個自己喜歡的種子藝品及瓊麻編織等伴手禮，知性、娛性兼具呢！而說到買伴手禮，恆春中山路的森社場所，裡面琳瑯滿目的都是屏東優質農特產、文創小物等。這些都是森社場所與屏東10個社區合作，以各種社區優質農特產等、加上他們的包裝創意，而推出的各種伴手禮。這趟，在他們的帶領下，愛玩哥來到恆春的一塊黑豆田，他們的伙伴正在田裡與農地主人許秀琴一同埋首除著草。許秀琴露出微笑向愛玩哥說著：「想要無毒，就要彎下腰除草，2.5甲的地不算小，這邊除完、那邊又長出來了…」為了產出優質無毒的農特產，這點辛苦似乎也不算什麼了。Data：藝欣手作坊，0985-950820(王美又，柚子)，09:00~18:00，www.facebook.com/a168518/森社場所，(08)8883939，14:00~21:00，周四休，www.facebook.com/LiShanEcotourism/想要知道更多親子旅遊地點，歡迎加入「蘋果花愛旅遊 」社團小編推薦【排行片】Tomod’s彩妝Top5 第二名補貨就架空【爽玩片】暑假出遊 這幾樣一定要帶！ ,0.767187821258,-0.993071911966,0.999884,0.774000276281,Positive,Positive,1
apl201707130001002,http://www.appledaily.com.tw/realtimenews/article/finance/20170713/1159827/7月13日(四)　全球重要經濟數據預覽,7月13日(四)　全球重要經濟數據預覽,2017/07/13 00:01,7月13日(四)　全球重要經濟數據預覽國家經濟數據台北時間預估值前期值解讀美國Fed公布褐皮書02:00------南韓央行基準利率決策--1.25%1.25%--中國6月進口年增率--14.5%14.8%空中國6月出口年增率--8.9%8.7%多德國6月CPI月增率終值14:000.2%0.2%持平馬來西亞央行基準利率決策15:003.00%3.00%--美國至7/8當周初領失業金人數(萬人)20:3024.524.8多美國6月PPI月增率20:300.0%0.0%持平資料來源：彭博,0.23105302413,-0.999581880425,-0.203981876373,-0.972510732668,Negative,Negative,1
apl201707130001003,http://www.appledaily.com.tw/realtimenews/article/finance/20170713/1159868/欠錢最大！怕樂視不爽不還款　債主「不敢給太大壓力」,欠錢最大！怕樂視不爽不還款　債主「不敢給太大壓力」,2017/07/13 00:01,樂視集團陷入財務困境，先前開心將錢奉上的投資機構，現在只求把錢拿回來，有私募基金透露，「公司也不敢給樂視方面太大壓力，也怕重壓之下樂視履行合同的意願反而會降低」。中國某私募基金近期透過致投資人書報告今年1月以來數次與樂視交涉的過程：「根據樂視的經營情況，我司認為對於保障投資者利益最好的選擇是尋求到期贖回可轉債，半年來我們一直努力並持續跟進落實。」這半年來，這家私募基金三度拜會高層，軟硬兼施，創辦人賈躍亭也見了、律師函也發了，明確表達可轉債到期必須贖回、不轉股的強烈意願，同時要求支付利息，但就是得不到想要的答案。儘管賈躍亭承諾會對所有債務負責到底，但實際上，樂視提出令其難以接受的替代解決方案，包括延期1年贖回，或在1年內分期贖回，或者轉股進入樂視汽車、樂視雲、樂視互娛等非上市公司。據《中國證券報》報導，其他投資人也都面臨相同處境，另1家投資機構透露，「情況確實不樂觀，公司也不敢給樂視方面太大壓力，也怕重壓之下樂視履行合同的意願反而會降低」。（財經中心／綜合外電報導）【財經焦點，一定要看】【偷拍動畫】郭董的20億飛機洩密了　美國工廠落腳這州？【吳寶春第二】他在台只有國中學歷　名校錄取後變「精英校友」【時間緊迫片】i8這2大亮點還有問題　工程師慌了【羨慕片】騰訊發紅包！　每位員工爽領178萬獎金,-0.996773484508,-1.0,0.999996,-0.996777895252,Negative,Negative,-1
apl201707130000000,http://www.appledaily.com.tw/realtimenews/article/local/20170713/1156217/【法律問蘋果】防繼母奪遺產　你一定要知道這幾點,【法律問蘋果】防繼母奪遺產　你一定要知道這幾點,2017/07/13 00:00,不具名讀者問：母親死後，父親再娶，將來父親死後的遺產分配，請問是「繼母與父親的子女」均分嗎？或是按「夫妻剩餘財產分配權」，由繼母先分配二分之一，剩下的二分之一再按繼承分配。若父親死亡前，將財產處分完畢，是否可避免將來紛爭？律師蔡皇其答：一般而言，若夫妻間沒有特別約定時，應適用法定財產制，而依司法實務見解，一旦法定夫妻財產制消滅時（如離婚、配偶一方死亡或夫妻約定改用其他財產制），夫或妻現存的婚後財產，扣除婚姻關係存續中所負債務後，如果有剩餘，雙方剩餘財產的差額，應平均分配。因此理論上應先按夫妻剩餘財產分配完後，再依繼承法上的規定來分配，依《民法》第1144條規定，直系血親卑親屬與配偶同為繼承時，其應繼分為平均分配。但也有學者認為這樣會過度保障生存配偶的權利，因此主張剩餘財產分配請求權應不包含配偶一方死亡的情形。如果父親在死亡前，已將財產處分完畢，仍需注意《民法》第1173條有關「歸扣」的規定，因為父親生前將財產贈與繼承人，若符合該條文的情況，仍可能被視為遺產。此外，若在父母死前，子女便預立遺產分配協議，在實務上有可能會被判定為該協議無效。不過，父親可以透過預立遺囑的方式分配財產，《民法》提供眾多模式可供選擇，如自書遺囑、公證遺囑、密封遺囑、代筆遺囑、口授遺囑等方式，若預立遺囑且內容不違反法律，也能降低將來產生紛爭的機會。（游仁汶／採訪整理）【更多新聞，請看《蘋果陪審團》粉絲團】《蘋果》即時推出【法律問蘋果】網友如有法律問題需要解答，歡迎來信e-mail：court@appledaily.com.tw,-0.694092772695,-0.999999999892,0.999991,-0.694102070912,Negative,Negative,-1
apl201707130000001,http://www.appledaily.com.tw/realtimenews/article/forum/20170713/1159646/陳芳明專欄：解嚴後的文學力量,陳芳明專欄：解嚴後的文學力量,2017/07/13 00:00,陳芳明／政治大學台灣文學研究所教授解嚴30年後，台灣文學生產力遠遠超過戒嚴時期的總和。我在《台灣新文學史》特別指出，1983年的文學生態，就已經預告了日後的活潑想像力。那時還未解嚴，台灣作家就已經衝破政治網羅，女性文學、政治文學、同志文學、原住民文學的全新作品，開始改寫台灣的文化版圖。就在那年，李昂的《殺夫》，以及廖輝英的《不歸路》，已經強烈暗示女權意識正在崛起。白先勇的《孽子》正式出版，也指向同志意識的未來發展。陳映真的《山路》，揭露了殘酷的政治犯歷史。而原住民作家田雅各，也完成《蘭嶼行醫記》，預告文壇就要出現陌生而新鮮的視野。文學可能是靜態的文字演出，但是背後卻潛藏著巨大的政治意義。在長達38年的戒嚴時期，所有的文學詮釋充滿了沙文主義。女性文學的誕生，等於是在對抗男性中心論。而同志文學的登場，則是在對抗異性戀中心論。原住民文學的盛行，更是為了對抗漢人中心論。這些不同的文化中心論，正是過去戒嚴體制的最重要支柱。在權力核心的周邊，出現了異質的文學作品時，等於宣告國民黨的文藝政策再也發生不了作用。那種中央集權式的思想控制，在作家之間已經受到徹底的鄙夷。遠在組黨運動之前，文學所帶動的力量絕對不容忽視。正是因為有女性文學的盛行，才有後來的女性社會運動。也是有了同志文學的領導，才拉出了後來的同志運動。更重要的是，原住民文學取得一定地位之後，才有後來的原住民正名與復權運動。曾經被國民黨視為高度禁忌的思想，隨著作家的勇敢觸探禁區，威權政治也逐漸產生動搖。這裡並不有意誇大文學的力量，作品所帶來的思想啟蒙，卻是點點滴滴累積起來的。至少文學作品指出了許多不合理的生活方式時，終於使讀者發現政治威權才是社會進步的絆腳石。這裡必須點出另一個重要事實，1987年2月還未解嚴時，葉石濤先生出版了他的《台灣文學史綱》。這本著作暗藏的挑戰力道，遠遠超過了任何文學作品。因為他在威權體制的中國主流價值之外，另立一條屬於台灣主體的歷史脈絡。這本文學史的出版，應該是值得大書特書的重要事件。葉石濤明白告訴我們，歷史從來都是複數而多軸的形式在發展。但是，國民黨的教育卻只是灌輸單一主流的歷史觀。葉石濤突破了這樣的政治樊籬，讓後來的讀者終於看見台灣。1986年9月28日，民進黨正式成立時，等於是直搗解嚴體制的權力核心。黨禁突破後，緊接著就是解除報禁，終於迎來了思想解放的關鍵年代。台灣作家再也不必接受政治權力的阻撓與干涉，所有的社會政治議題都可以注入文學創作裡。女性文學、同志文學、原住民文學的大量生產，都已經為未來的公民社會奠下基礎。我們今天侃侃而談公民運動之際，切勿忘記，其實文學作品都已經事先埋下伏筆了。解嚴30年到來時，旺盛的文學生產都已經做好紮實的準備。文學的力量不容輕侮，因為它早就預告了今天民主人權的開放，而且還要繼續發展下去。,-0.997199972589,-1.0,0.969674,-1.02752562376,Negative,Negative,-1
apl201707130000002,http://www.appledaily.com.tw/realtimenews/article/life/20170713/1159712/​會彈吉他的學生妹　愛唱歌跳舞畫畫,​會彈吉他的學生妹　愛唱歌跳舞畫畫,2017/07/13 00:00,今天我最美潘琬蓉，今年19歲還是學生，身高163公分，體重47公斤，雙子座AB型的她，興趣是跳舞、唱歌、畫畫、彈吉他。拍攝地點：中正紀念堂姓名：潘琬蓉職業：學生年齡：19歲身高：163公分體重：47公斤興趣：跳舞、唱歌、畫畫、彈吉他星座：雙子座血型：AB型臉書：潘琬蓉（即時新聞中心／綜合報導）【最美推薦】 孝琳美眉穿破褲　小露肚臍走ROCKER風,0.408536977086,-0.764743481039,0.989709,0.633502694521,Positive,Positive,1
apl201707130000003,http://www.appledaily.com.tw/realtimenews/article/international/20170713/1159841/員工失誤陪飛　普吉島拖曳傘遊客空中墜海亡,員工失誤陪飛　普吉島拖曳傘遊客空中墜海亡,2017/07/13 00:00,泰國普吉島拖曳傘是許多遊客會進行的活動，想不到竟發生恐怖奪命意外！71歲的澳洲籍男子羅傑‧約翰‧胡塞（Roger John Hussey），昨天中午到普吉島卡塔海灘玩拖曳傘，想不到工作人員竟然跟著飛上天，還導致遊客從空中墜海身亡。據泰國《曼谷郵報》報導，工作人員在協助遊客確定安全措施後，跟著助跑幫助遊客起飛，但不知道為何沒有鬆手、而跟著被拖上了空中，之後工作人員疑似為了尋找能夠固定的位置，翻身到遊客上方，可能過程中讓遊客的安全扣脫落，結果羅傑‧約翰‧胡塞就從空中墜海。當時羅傑‧約翰‧胡塞的泰國籍妻子正在現場拍攝丈夫玩拖曳傘，跟著目睹驚人一幕。岸上其他人見狀則趕緊下海救人，但羅傑‧約翰‧胡塞送醫後仍宣告不治。當地警方已經對拖曳傘相關人員進行調查，但詳細原因仍不確定。（即時新聞中心／綜合報導）【小編推薦】女駕駛對酒測棒這樣做　網友笑噴：老江湖 女網友約過夜　他赴約後被虐成紫屁股 大雨就在前方！騎士們換裝只能衝了,-0.260073934652,-0.999520881563,0.999966,-0.259628433234,Negative,Negative,-1
apl201707130000004,http://www.appledaily.com.tw/realtimenews/article/life/20170713/1159862/女駕駛對酒測棒這樣做　網友笑噴：老江湖,女駕駛對酒測棒這樣做　網友笑噴：老江湖,2017/07/13 00:00,新型酒測器把美眉搞迷糊了！一名網友在《臉書》社團「爆廢公社」po出一段影片，警方拿出同時可當指揮棒的新型酒測器要女駕駛吹器，但女駕駛卻是左手握棒、隨即張口就要往指揮棒含下去，警方趕緊將酒測棒往後抽，並提醒只要吹氣就行了。網友們看了影片紛紛留言「一看就知道是老江湖了」、「潛意識動作」、「笑死」、「自然反應」。不過其實由於過去的酒測器是要含住吹氣，沒遇過新型酒測器的駕駛都可能有類似直覺反應。（即時新聞中心／綜合報導）【小編推薦】員工失誤陪飛　普吉島拖曳傘遊客空中墜海亡 女網友約過夜　他赴約後被虐成紫屁股 大雨就在前方！騎士們換裝只能衝了,-0.196418190243,-0.999937094201,0.99997,-0.196385086767,Negative,Negative,-1
apl201707130000005,http://www.appledaily.com.tw/realtimenews/article/entertainment/20170713/1159869/女性2成有長肛毛　指原莉乃也自爆「可能有長」,女性2成有長肛毛　指原莉乃也自爆「可能有長」,2017/07/13 00:00,一個人如果外觀保持清潔感的話，通常都可以給外人相當不錯的印象，不過其實不只是外觀，外觀看不到的地方也是相當重要的。據《sirabee》報導，HKT48主將指原莉乃日前在節目上大談「怎樣的男性不會受歡迎」的話題，而擔任牛郎的來賓說，「沒有清潔感的人絕對不會受歡迎」，指原莉乃也以女性的立場指出「就算長的並不是特別帥，但是清潔感好的話就可以給人不錯的印象」，而這時有男性模特兒提出「肛門長毛的話也不行，在看不到的地方也需要注重乾淨」。對於這樣的話題，指原莉乃疑惑「從哪邊開始算是肛毛阿？」，在知道肛門外部的O型線長毛就算的時候，指原莉乃自爆「這樣的話我可能也有長」，讓現場一陣驚訝。而現場男性指出，完全無法忍受女性有長肛毛「就算只有一根或是兩根都不行」、「看到就會軟棒」。對於這樣的話題，《sirabee》也找了20歲到69歲共691位女性進行問卷調查，而回答有長肛毛的女性占了2成，而通常年齡較輕的所占比例較高，年齡增長以後毛可能就會變比較稀少。（即時新聞中心／綜合報導）推薦閱讀：AV女優實測　乳溝是否有觸覺能辨棒狀物,-0.679287521734,-0.952632956074,0.999992,-0.631928107202,Negative,Negative,-1
apl201707130000006,http://www.appledaily.com.tw/realtimenews/article/international/20170713/1159886/男躺地想搞假車禍　還真被戰鬥民族開車輾過,男躺地想搞假車禍　還真被戰鬥民族開車輾過,2017/07/13 00:00,男子想製造假車禍，在車輛靠近的時候就倒下想騙駕駛，沒想到駕駛完全沒有注意到，倒車後往前開要停好車，恰巧對準男子開過去將他輾過。6月30日，俄羅斯奧克佳布爾西克發生一起意外事故，駕駛正準備停車，而一旁61歲男子見有機可趁，就在車輛倒車的時候順勢倒下，但是駕駛完全沒有看到61歲男子的身影，就開車往前輾過男子，事後似乎覺得輾過異物才下車查看。據悉，61歲男子就醫後並無生命危險。（即時新聞中心／綜合報導）推薦閱讀：女性2成有長肛毛　指原莉乃也自爆「可能有長」,-0.155661915675,-0.999526986757,0.99892,-0.156268938596,Negative,Negative,-1
apl201707130000007,http://www.appledaily.com.tw/realtimenews/article/international/20170713/1159883/​菲律賓砲彈又炸掉自己人　士兵2死11傷,​菲律賓砲彈又炸掉自己人　士兵2死11傷,2017/07/13 00:00,菲律賓軍隊12日中午，南部城市馬拉威轟炸「穆特組織」等反政府武裝時，因為「炸彈偏離目標」，導致自己的士兵有2人死亡，11人受傷。根據《新華社》報導，菲律賓軍方的公關主管說，初步調查發現，是因為炸彈落在距離目標250公尺處，「衝擊波」導致周邊建築物倒塌，2名士兵因此死亡，另外11名士兵則是被彈片擦傷。報導中說，這是今年5月底以來，第2起類似事件。今年5月31日，菲律賓空軍在南部空襲時，也因投彈「偏離目標」誤炸自己士兵，造成11死7傷的慘劇。（即時新聞中心／綜合報導）相關新聞：【扯後腿】打IS打到自己人 菲律賓軍方：戰爭難免,-0.340374699619,-0.999999986903,0.50547,-0.834904231829,Negative,Negative,-1
cna201707130139000,http://www.cna.com.tw/news/firstnews/201707130009-1.aspx,溫布頓男單 喬科維奇因傷退賽,2017/07/13 01:39,（中央社記者戴雅真倫敦12日專電）塞爾維亞天王喬科維奇（Novak Djokovic）今天在溫布頓網球錦標賽男單8強宣布因傷退賽。喬科維奇下午對戰捷克名將柏迪奇（Tomas Berdych），第一盤6比7（2/7）落後，第二盤打到0比2時，喬科維奇突然向裁判示意，宣布因右手臂受傷退賽。1060713,0.359670875335,-0.982387542059,0.581321,-0.041395308043,Negative,Positive,1
cna201707130118000,http://www.cna.com.tw/news/afe/201707130008-1.aspx,美聯準會不急緊縮貨幣政策 歐股上揚,2017/07/13 01:18,（中央社倫敦13日綜合外電報導）彭博報導，歐洲主要股市持續上揚，主因美國聯邦準備理事會（Fed）主席葉倫（Janet Yellen）表示，聯準會不會急著緊縮貨幣政策，因為通貨膨脹仍然低於設定目標。道瓊歐洲600指數漲5.75點或1.52%，報384.90點。英國股市FTSE 100指數漲87.17點或1.19%，報7416.93點。法國股市CAC 40指數漲81.53點或1.59%，報5222.13點。德國股市DAX指數漲189.56點或1.52%，報12626.58點。（譯者：中央社簡長盛）1060713,-0.653933635519,-0.99891005212,-0.000525889277924,-1.65336957692,Negative,Negative,-1
cna201707130105000,http://www.cna.com.tw/news/firstnews/201707130007-1.aspx,溫網莫瑞臀傷發作吞敗 止步8強,2017/07/13 01:05,（中央社倫敦12日綜合外電報導）溫布頓網球賽今天進入第9天，男單8強賽再爆大冷門，「英國希望」莫瑞馬失前蹄，經5盤大戰以2比3的盤數遭美國對手奎利逆轉淘汰，衛冕冠軍夢碎。世界排名第1、大會第1種子的莫瑞，是以6比3、4比6、7比6（7/4）、1比6、1比6栽在29歲、世界排名28、大會第24種子奎利（Sam Querrey）手下。莫瑞吞敗非戰之罪，他因為最近的臀部問題發作，嚴重損害到他的行動，導致右腿一跛一跛的，才會敗下陣來。贏球的奎利首次挺進4強準決賽，下一役他將對上克羅埃西亞第7種子西里奇（Marin Cilic），爭奪決賽入場券。世界排名第6的克里奇，在另場8強賽經5盤激戰，以3比6、7比6（8/6）、7比5、5比7、6比1，拍落甫在4輪16強賽意外擊退西班牙「蠻牛」納達爾的盧森堡16種子穆勒（Gilles Muller），搶進4強準決賽。1060713,0.0324962123952,-0.992008765731,-0.116423070431,-1.07593562377,Negative,Negative,1
cna201707130054000,http://www.cna.com.tw/news/firstnews/201707130006-1.aspx,美FBI局長提名人誓言  絕不受外力影響,2017/07/13 00:54,（中央社華盛頓12日綜合外電報導）在美方調查「通俄門」可能威脅到白宮高層官員之際，美國總統川普（Donald Trump）提名的聯邦調查局（FBI）局長人選瑞伊今天誓言，絕不會讓FBI受外力影響。瑞伊（Christopher Wray）告訴美國參議院司法委員會：「倘若有榮幸領導聯邦調查局，除了事實、法律以及不偏不倚追求公平正義以外，我絕不會讓FBI的工作受任何其他因素主導。」瑞伊又說：「我認為，FBI局長的最重要職責是，確保在FBI執行任務的無私愛國者不受到任何干擾。」至於川普把針對俄羅斯干預美國大選的相關調查指責為「獵巫」，瑞伊不認同此觀點。瑞伊對特別檢察官穆勒（Robert Mueller）表達支持立場，曾任FBI局長的穆勒如今主導這項爆炸性政治調查。瑞伊在參院委員會表示，「我不認為穆勒會從事獵巫行動」。川普於數小時前發推文痛斥，這項調查是「政治史上最大獵巫行動」。1060713,-0.764225496696,-0.999999870572,0.838909,-0.925316516122,Negative,Negative,-1
cna201707130049000,http://www.cna.com.tw/news/asoc/201707130004-1.aspx,旗山醫院長期照護大樓火警 無傷亡,2017/07/13 00:49,（中央社記者陳朝福高雄12日電）衛福部旗山醫院長期照護大樓今天晚間冒出濃煙，院方值班和保全人員以滅火器先滅火，隨即通報消防隊支援，並將院內40多名病患疏散安置，沒有人員傷亡，警消調查起火原因。警消表示，晚間9時左右獲報旗山醫院長照大樓一樓天花板冒出濃煙，立即調派消防車前往救援。警消抵達前，院方值班和保全人員先以滅火器滅火，除了通報消防隊支援，也疏散安置院內40多名病患，沒有人員傷亡。高雄市消防局旗山消防分隊長林益收表示，醫院留守人員處理得宜，第一時間就把火勢撲滅，讓災害傷害降至最低。高雄市消防局隨後也留置一輛消防車在現場持續警戒，並由火場鑑識人員調查起火原因。1060712,0.188699663503,-0.999976692532,0.999736,0.188459220418,Positive,Positive,1
cna201707130043000,http://www.cna.com.tw/news/firstnews/201707130003-1.aspx,溫布頓女雙 詹皓晴生涯首闖4強,2017/07/13 00:43,（中央社記者戴雅真倫敦12日專電）溫布頓網球錦標賽女雙賽事，台灣網球女將詹皓晴今天生涯首次闖入4強賽。詹皓晴與姊姊詹皓然紛紛闖入溫網女雙8強賽，今天挑戰4強，詹皓晴搭檔羅馬尼亞選手尼庫勒斯古（Monica Niculescu）先登場，對上美國選手貝里斯（Catherine Bellis）與捷克選手萬卓索娃(Marketa Vondrousova)。詹皓晴組合僅花1小時6分鐘，以6-4、6-4直落二獲勝，也是詹皓晴個人首度打進大滿貫女雙4強。1060712,-0.022766264863,-0.967862696475,-0.0124606089666,-1.0030895703,Negative,Negative,-1
cna201707130026000,http://www.cna.com.tw/news/firstnews/201707130002-1.aspx,禮樂灘能源探勘 菲國恐年底前恢復,2017/07/13 00:26,（中央社馬尼拉12日綜合外電報導）菲律賓能源官員說，菲國在南海禮樂灘的油氣鑽探作業可能會在年底之前恢復。菲國是2014年底暫停在禮樂灘的能源探勘工作，當時菲國希望將領土爭端交由國際仲裁。禮樂灘正位於中國大陸宣稱擁有主權的海域中。菲國能源部資源開發局局長歐堪波（Ismael Ocampo）告訴記者，開發局預期，暫停探勘狀態只會持續到12月間。他說，外交部指示能源部恢復在南海油氣探勘作業的命令，現正準備執行。整整1年前，荷蘭海牙常設仲裁法院（Permanent Court of Arbitration）宣布仲裁結果，否決了中國大陸對南海多數海域的主權聲索。1060712,-0.452268435252,-0.999986250453,-0.397386074066,-1.84964075977,Negative,Negative,-1
cnt201707130143000,http://www.chinatimes.com/realtimenews/20170713000903-260403,MLB》馬林魚爭奪戰 麥可喬丹也加入,2017/07/13 01:43,紐約郵報日前指出「籃球大帝」麥可喬丹打算加入馬林魚的競標團隊，根據紐約時報報導，喬丹的發言人確認消息屬實，他已經參加了前洋基球星吉特所屬的團隊。若是一切順利，喬丹將會成為馬林魚的股東。馬林魚目前喊到13億美元，吉特為此四處奔走籌錢，他的背後至少有15位金主，最後還說服了資產超過10億美元的喬丹。馬林魚老闆羅瑞亞原本就傾向於賣給吉特的團隊，現在加上喬丹助陣，得標機會更大。喬丹對棒球也頗熟悉，他1994年打過白襪隊的2A，127場比賽的打擊率只有0.202，不過有跑出30次盜壘。喬丹是NBA夏洛特黃蜂隊老闆，夏洛特與邁阿密還在可接受的距離內，屆時有機會能在馬林魚的比賽見到喬丹。(中時電子報),0.41730432561,-0.999999997539,0.998993,0.416297784434,Positive,Positive,1
cnt201707130119000,http://www.chinatimes.com/realtimenews/20170713000897-260408,護子心切 川普：政治史上最大迫害,2017/07/13 01:19,美國總統川普昨晚接受福斯新聞網訪問，談其長子小川普近來飽受爭議的涉俄事件。川普並在推特上為兒子辯護，認為小川普「公開、透明而且無辜」，還抨擊這起涉俄案是「政治史上最大的迫害」。小川普在去年6月9日涉嫌為取得對希拉蕊不利的黑材料，而與一名俄羅斯女律師娜塔莉亞(Natalia Veselnitskaya)會面，事件經紐約時報踢爆後，掀起政壇高度爭議。儘管兩位當事人均證實當天有在紐約的川普大樓會面，但否認談及有關希拉蕊的不利資料，小川普更強調其父親川普對此完全不知情。小川普昨天公布安排這場會面的電郵往來紀錄，該郵件顯示，小川普是在認為對方有不利希拉蕊黑資料的情況下，答應與該名女律師會面。在沉默了數日後，美國總統川普終於忍不住公開護子。川普周三在推特上發文盛讚兒子，認為小川普選擇公開電郵的作法棒極了，還為兒子叫屈：「他是公開、透明而且無辜，事件為政治史上最大的迫害。」接著不久，川普隨即又發一條推文抨擊媒體，「記住，當你從假媒體聽到『消息來源指』這幾個字，大多時候這些消息來源都是捏造而且不存在的。」川普還在推特上反擊，表示民主黨也曾企圖用俄羅斯的不實資訊來影響我的選情，「為什麼沒有用同樣的標準放在民主黨身上，看看希拉蕊可能躲過了甚麼。可恥！」而川普當地時間周二晚接受福斯新聞網訪問時，對於6月9日小川普與俄國女律師的那場會面表示，「換作是我，我可能會有不同的做法。」另一方面，小川普在推特上將安排去年6月9日的這場會面過程公諸於眾，並強調目的是為了將是件透明交代，不過紐約時報則透露，在小川普公布郵件前，他們已經掌握到有關電郵，並向小川普就電郵提出詢問，隨後小川普便自己在推特上公開郵件，顯然是想搶在被紐約時報爆料之前，自行公開。(中時電子報),-0.964946458641,-1.0,0.994426,-0.970519969764,Negative,Negative,-1
cnt201707130116000,http://www.chinatimes.com/realtimenews/20170713000895-260402,誆稱與扁嫂交情匪淺詐騙近3000萬  房產女強人廖姿婷通緝落網,2017/07/13 01:16,原名廖月嬌的63歲房地產女強人廖姿婷，多年前涉嫌對外誆稱稱與前第一夫人吳淑珍、已故前立委蔡同榮等綠營政治人物關係匪淺，以資助高志鵬選立委等理由，向銀行副理、育幼院院長等人騙得數千萬元，遭判刑定讞後遭通緝。11日晚間在圓山飯店內被警方逮捕，廖女落網時仍一派輕鬆，聲稱:「應該關不到我」。訊後由警方解送台北地檢署歸案。廖女因涉嫌連續向多人詐騙詐，至少得手約2975萬元，台灣高等法院去年元月初審結，將她依詐欺罪判處7年6月徒刑定讞，詎料，她未按時入獄，於去年7月11日遭台北地檢署發佈通緝，前天落網時，剛好是她逃亡滿周年的日子。台北市警方於11日晚獲報，廖女現身台北圓山飯店內的精品商店街，火速趕往，果真在一家專賣台灣伴手禮品名店看見廖女，她正悠然自得地坐在店內泡茶，看到警方找上門，神色也不顯慌張。警方查詢她以往涉案紀錄發現，犯行琳瑯滿目，牽扯「行賄」、「詐財」、「誆幫扁嫂籌錢」等情事，目前則遭台北地檢署通緝在身。(中時),-0.861166459443,-0.999999999576,0.964441,-0.896724980767,Negative,Negative,-1
cnt201707130024000,http://www.chinatimes.com/realtimenews/20170713000010-260407,林濁水：柯建銘愈描愈黑 令人啼笑皆非,2017/07/13 00:24,前瞻條例沒有落日條款，是立法技術上的重大失誤，就像汔車車後座應戴安全帽一樣烏龍立法。搞出紕漏的民進黨團總召柯建銘正經八百道貎岸然地硬掰，民進黨前立委林濁水直指愈描愈黑，令人啼笑皆非。林濁水指出，柯總召搬出《中央法規標準法》，很「偉大」地說依規定，法規執行完畢或因情勢變遷無繼續施行的必要，就會廢止，還「天大地大」地說他遇到了民粹，未免愈道貌岸然愈可笑。尤其糊裡糊塗亂搬《中央法規標準法》實在很不洽當。林濁水點出，依法廢止是什麼意思，柯總召恐怕沒弄得很清楚。那就是要在立法院提案廢除，不會自動廢除，那麼在前瞻條例中只加上了落日條款不是更簡潔的手續，這也是落日條款常被用的理由。這是慣例，柯總召難道貴人忘事？由於前瞻條例是框架規定，不指明具體內容，因此其實沒有「執行完畢與否的事」，不料柯總召畫蛇添足地為前贍加上「法規執行完畢或因情勢變遷無繼續施行的必要」的「條件」，於是本應無條件在8年後必須停止的，而柯總召可能也無意8年後再延長下去，但在邏輯上竟會反而可以因為得到「條件」的支持，而可以延用下去了，那將來有權的人想法如果和柯總召不一樣，真的想要延續下去就因柯總召的解釋而更加「於法有據」了，那就麻煩了。(中時電子報)文章來源：林濁水臉書,-0.808529247048,-0.999999999867,0.926211,-0.882318009008,Negative,Negative,-1
cnt201707130013000,http://www.chinatimes.com/realtimenews/20170713000005-260403,溫網》莫瑞連霸夢碎! 不敵美國庫瑞8強止步,2017/07/13 00:13,繼西班牙「蠻牛」納達爾爆冷出局，世界男單第1英國希望莫瑞(Andy Murray)溫網男單也提前8強落馬。8強賽面對美國庫瑞(Sam Querrey)鏖戰5盤，6比3、4比6、7比6、1比6、1比6落敗，無緣連霸。「瑞士二哥」瓦林卡首輪就淘汰，如今納達爾、莫瑞也相繼出局，網壇四大天王僅剩塞爾維亞喬柯維奇以及「瑞士特快車」費德勒，莫瑞的球王寶座也陷入危機，若「喬帥」奪冠世界第1地位就將被取代。庫瑞此役轟出27記Ace球，遠高於莫瑞的8記，但影響莫瑞最嚴重的是他的髖關節傷勢，第4盤起也不時見到莫瑞露出痛苦表情。庫瑞去年溫網就曾在第3輪上演驚奇，4盤扳倒喬柯維奇，相隔一年他再重演撂倒頭號種子戲碼，不過苦主換成地主莫瑞。(中時電子報),-0.263723722165,-0.999152308988,0.827134,-0.435742316,Negative,Negative,-1
cnt201707130005000,http://www.chinatimes.com/realtimenews/20170712006046-260409,散步群山賞夜景  珠海驚艷迷人,2017/07/13 00:05,來到廣東省珠海市，一定要到西側的斗門區走走。從金臺寺看到接霞莊，再到菉猗堂，既體會了仙山名寺的靈氣，也見到古人留下的歷史建築群。散步在群山古巷中，體會珠海另一種閒情逸緻。金臺寺的歷史可上溯到七百年前的宋末元初，南宋遺臣趙時鏦等人隱居黃楊山所築金臺精舍為其前身。現寺院為1992年重修，坐落在黃楊山南麓，前眺崖門海口，後枕黃楊主峰，青龍山綿延於左，白虎山騎伏於右，南瀕一泓碧水，風光如畫。金臺寺依山起勢，金碧輝煌，宛若人間仙境。大雄寶殿巍峨莊嚴，梵音陣陣，唱誦傳雲天，爐煙嫋嫋，祈願聚山湖，大山門、天王殿、藏經樓氣宇不凡，蘊藉濃郁的佛教文化色彩。金臺寺香火鼎盛，香客遊人絡繹不絕，是一處自然生態淳樸、宗教文化深厚、休閒意境優美的名勝之地。菉猗堂名出自邃古久遠的中華文化經典——《詩經》。《詩經-淇奧》文曰：「瞻彼淇奧，菉竹猗猗」。菉猗堂為斗門趙氏祖祠，並逸峰趙公祠、昆山趙公祠成古祠堂建築群，是廣東省文物保護單位。斗門趙氏一族，是宋朝魏王趙匡美後裔，先祖趙懌夫在宋末入粵為官後世代居於斗門，今已傳至35代，四世祖趙梅南（1296~1365）號菉猗，尚氣節，擅詩文，一生愛竹植竹寫竹，他生於元而不仕元，躬耕鄉里，帶領族人開創了斗門地區基業。明景泰五年（1454），曾孫趙隆建菉猗堂奉祀。離開山青水美，充滿古意的斗門區，回到市中心區。晚上散步在海邊，映著夜色欣賞海景，體會珠海的處處迷人。(旺報),0.467504037391,-0.539809914243,0.999997,0.927691500543,Positive,Positive,1
ltn201707130128000,http://news.ltn.com.tw/news/business/breakingnews/2130021,美聯準會不急緊縮貨幣政策歐股上揚,2017/07/13 01:28,〔中央社〕彭博報導，歐洲主要股市持續上揚，主因美國聯邦準備理事會（Fed）主席葉倫（JanetYellen）表示，聯準會不會急著緊縮貨幣政策，因為通貨膨脹仍然低於設定目標。道瓊歐洲600指數漲5.75點或1.52%，報384.90點。英國股市FTSE100指數漲87.17點或1.19%，報7416.93點。法國股市CAC40指數漲81.53點或1.59%，報5222.13點。德國股市DAX指數漲189.56點或1.52%，報12626.58點。,-0.744534573639,-0.998134514241,-0.000971496570855,-1.74364058445,Negative,Negative,-1
ltn201707130104000,http://news.ltn.com.tw/news/world/breakingnews/2130017,美FBI局長提名人誓言絕不受外力影響,2017/07/13 01:04,〔中央社〕在美方調查「通俄門」可能威脅到白宮高層官員之際，美國總統川普（DonaldTrump）提名的聯邦調查局（FBI）局長人選瑞伊今天誓言，絕不會讓FBI受外力影響。瑞伊（ChristopherWray）告訴美國參議院司法委員會：「倘若有榮幸領導聯邦調查局，除了事實、法律以及不偏不倚追求公平正義以外，我絕不會讓FBI的工作受任何其他因素主導。」瑞伊又說：「我認為，FBI局長的最重要職責是，確保在FBI執行任務的無私愛國者不受到任何干擾。」至於川普把針對俄羅斯干預美國大選的相關調查指責為「獵巫」，瑞伊不認同此觀點。瑞伊對特別檢察官穆勒（RobertMueller）表達支持立場，曾任FBI局長的穆勒如今主導這項爆炸性政治調查。瑞伊在參院委員會表示，「我不認為穆勒會從事獵巫行動」。川普於數小時前發推文痛斥，這項調查是「政治史上最大獵巫行動」。,-0.815332797617,-0.999999921956,0.836443,-0.978889474162,Negative,Negative,-1
ltn201707130054000,http://news.ltn.com.tw/news/society/breakingnews/2130014,旗山醫院長期照護大樓火警無傷亡,2017/07/13 00:54,〔中央社〕衛福部旗山醫院長期照護大樓今天晚間冒出濃煙，院方值班和保全人員以滅火器先滅火，隨即通報消防隊支援，並將院內40多名病患疏散安置，沒有人員傷亡，警消調查起火原因。警消表示，晚間9時左右獲報旗山醫院長照大樓一樓天花板冒出濃煙，立即調派消防車前往救援。警消抵達前，院方值班和保全人員先以滅火器滅火，除了通報消防隊支援，也疏散安置院內40多名病患，沒有人員傷亡。高雄市消防局旗山消防分隊長林益收表示，醫院留守人員處理得宜，第一時間就把火勢撲滅，讓災害傷害降至最低。高雄市消防局隨後也留置一輛消防車在現場持續警戒，並由火場鑑識人員調查起火原因。,0.054495642852,-0.999964636927,0.999709,0.0542398372351,Positive,Positive,1
ltn201707130038000,http://news.ltn.com.tw/news/world/breakingnews/2130012,禮樂灘能源探勘菲國恐年底前恢復,2017/07/13 00:38,〔中央社〕菲律賓能源官員說，菲國在南海禮樂灘的油氣鑽探作業可能會在年底之前恢復。菲國是2014年底暫停在禮樂灘的能源探勘工作，當時菲國希望將領土爭端交由國際仲裁。禮樂灘正位於中國大陸宣稱擁有主權的海域中。菲國能源部資源開發局局長歐堪波（IsmaelOcampo）告訴記者，開發局預期，暫停探勘狀態只會持續到12月間。他說，外交部指示能源部恢復在南海油氣探勘作業的命令，現正準備執行。整整1年前，荷蘭海牙常設仲裁法院（PermanentCourtofArbitration）宣布仲裁結果，否決了中國大陸對南海多數海域的主權聲索。,-0.452268435252,-0.999994535544,-0.0846826657653,-1.53694563656,Negative,Negative,-1
ltn201707130033000,http://news.ltn.com.tw/news/world/breakingnews/2130008,整片南海恐將被北京掌控菲律賓專家示警,2017/07/13 00:33,〔即時新聞／綜合報導〕南海主權仲裁週三（12日）滿一週年，菲律賓安全事務專家提出警告，中國在南海打造的「戰略三角」即將完成，屆時整片南海都將被北京掌控，呼籲菲國總統杜特蒂（RodrigoDuterte）不要為了金援出賣南海。《中央社》報導，菲國智庫「Stratbase-ADRInstitute」在12日於馬卡蒂市（Makati）舉行一場座談會，菲國前國家安全顧問高利茲（RoiloGolez）在會上提出警告，北京在南海的戰略三角只缺黃岩島就可完成，「到時候，南海將被北京完全掌控，區域安全將被影響。」高利茲所稱的戰略三角是指西沙群島、南沙群島和黃岩島。他說，雖然北京宣稱人工島上的雷達是為了觀察氣象，但這也能監控飛機和船隻，他呼籲杜特蒂，不要為了北京提供的240億美元而出賣南海。菲國南海案法律團隊的成員、最高法院大法官卡皮奧（AntonioCarpio）說，雖無法將南海資源「數量化」，但價值肯定比240億美元更高。菲律賓大學海洋事務暨海洋法研究所所長巴童巴卡（JayBatongbacal）在會後受訪時則表示，「台灣很明確是獨自採取行動的（南海主權爭議）參與者，若能以某種形式參與討論，可能會比較好。」南海主權仲裁週三（12日）滿一週年。（美聯社）,-0.697730252949,-0.999999999196,0.999989,-0.697741577028,Negative,Negative,-1
ltn201707130022000,http://news.ltn.com.tw/news/world/breakingnews/2130011,「生理期首日」休假印度企業造福女性,2017/07/13 00:22,"印度孟買的文化機器公司自今年7月起提供該公司女性生理假。圖為該公司女性在宣布此政策的影片中表示樂觀其成。（圖擷取自文化機器的生理假影片）〔編譯張沛元／綜合報導〕僅管印度性侵案頻傳、女權不彰，但該國大城孟買的數位媒體公司「文化機器」（CultureMachine）卻推出造福女性的新政策，該公司女員工自今年7月起可在每月生理期首日放假一天。該公司還呼籲當局立法讓所有就業女性能在生理期首日休假。這家有75名女性員工的公司在一段YouTube中宣布此一名為「生理期首日」（FirstDayofPeriod,FOP）的休假政策，指稱基於尊重與了解女性在生理期首日的不適，該公司女性員工可在生理期首日休假。該公司人資部主管馬宗達在影片中說，第一天顯然是最不舒服的，「我們覺得是面對現實的時候了。這沒什麼好不好意思的，這是生活一部分。」女性生理期在印度社會被視為禁忌，鮮少有人公開談論生理期，許多女性與女孩因缺乏了解而遭受社會歧視、面臨健康問題以及自尊心低落。",-0.766038874912,-0.999999999078,0.999998,-0.766040423711,Negative,Negative,-1
ltn201707130011000,http://news.ltn.com.tw/news/life/breakingnews/2130004,電子菸幫助戒菸？美最新研究：可能抽更多,2017/07/13 00:11,〔即時新聞／綜合報導〕電子菸是否能幫助戒菸，一直沒有定論，但最新的研究結果顯示，癮君子們要當心了！美國研究發現，想藉由電子菸戒菸的族群，抽一般香菸的量竟然不減反增。根據《華人健康網》報導，期刊《PreventiveMedicine》日前刊登了美國加州大學（UniversityofCalifornia）的最新研究，研究團隊招募了年齡從18至24歲的391位受試者進行實驗，這些受試者至少在近半年內抽過一般香菸。團隊比較了他們在電子菸和一般香菸使用量的多寡，最後發現，比較常抽電子菸的人，抽一般香菸的量竟然比不常抽電子菸的人多出18％。研究論文作者表示，這代表對於同時使用一般香菸及電子菸的族群來說，抽電子菸反而不會減少抽一般香菸的量。美國研究發現，想藉由電子菸戒菸的族群，抽食一般香菸的量竟然不減反增。（路透）,-0.208621353083,-0.956294568261,0.999979,-0.164936425342,Negative,Negative,-1
ltn201707130004000,http://news.ltn.com.tw/news/business/breakingnews/2130005,Fed：利率維持逐步調升道指再創歷史新高,2017/07/13 00:04,〔即時新聞／綜合報導〕聯邦準備理事會（Fed）主席葉倫（JanetYellen）今天赴美國參議院銀行委員會發表半年度貨幣政策證詞時表示，無須透過大幅升息就能達到中性利率水平，並預期未來幾年只會「逐步升息」。此舉被市場解讀為延續政策中的「鴿派」立場，激勵美股今天開盤後集體上揚，道瓊工業指數大漲166點，盤中一度攻上21580.79點，再創歷史新高。根據《鉅亨網》報導，葉倫表示：「以歷史標準而言，目前中性利率相當低，聯邦基金利率無需進一步大幅上升，便能達到中性政策立場。」聯準會要達到目標，可能並不用再多次升息。財經媒體《華爾街見聞》指出，葉倫在回答委員會主席提問時表示，聯準會並不追求上調2%的通膨目標，2%是對稱性目標，並不是上限。如果持續低於2%，那麼不排除重新調整貨幣政策。葉倫重申聯邦基金利率仍然是主要的貨幣政策工具，但她也強調，如果經濟再度下滑，仍可能再度擴大資產負債表。《法新社》報導，未來經濟展望仍有兩大問號，其一是川普政府的政策與開支，另一個則是，始終處於低檔的通膨，是否還是將由目前的1.4%調至接近聯準會設定的2%目標。「中性利率」意即，聯邦基金利率並不會加速經濟成長，也不會抑制經濟成長。目前聯邦基金利率目標為1%至1.25%，通貨膨脹約為1.4%。這讓實質利率接近零。葉倫表示未來幾年會維持「逐步升息」的走勢。（美聯社）道瓊工業指數大漲166點，盤中一度攻上21580.79點，再創歷史新高。（圖擷取自Google）,-0.933957882035,-0.999999994683,0.598193,-1.33576530412,Negative,Negative,-1
ltn201707130001000,http://news.ltn.com.tw/news/society/breakingnews/2130006,獨家》他20年前當兒面砍死妻出獄潦倒求兒扶養被拒,2017/07/13 00:01,〔記者李立法／屏東報導〕62歲林姓男子20多年前手持菜刀當著兒子面前活活砍死妻子，在兒子幼小心靈留下難以磨滅創傷，林男被判刑15年，父子從此不相往來，林男出獄後生活潦倒又出車禍，孤苦無依向法院訴請成年兒子應負起扶養義務，遭兒子悍然拒絕，法官認為兒子拒養有理，駁回林男請求，可上訴。林男與李姓妻子因感情不睦，80年4月1日晚，夫妻發生嚴重爭吵，林男竟憤持菜刀猛砍妻子頭部，導致妻子當場死亡，就讀國小的兒子親眼目睹案發經過，見母親死在父親刀下，驚恐萬分，林男殺妻逃過死刑被判刑15年定讞，前年出獄後不久因發生車禍行動不便，謀生困難，便向屏東地院訴請兒子負起扶養義務。法院找到林男已經成年的兒子，他當庭拒絕扶養親生父親，因為父親當年在他面前砍死母親那一幕，是他成長過程揮之不去的夢魘，他無法原諒父親，過去20多年來，他和父親沒有見過面，親情疏離，請法官駁回林男訴求，免除他的扶養義務。法官引用民法1118條之1規定，對負扶養義務者身體或精神上不法侵害行為情節重大者，法院得免除其扶養義務；林男在兒子面前砍死妻，對兒子內心造成極大創傷，符合該規定，拒養有理，應駁回林男請求。林男當著兒子面砍死妻子，出獄後因生活潦倒請求兒子扶養被拒絕，屏東地院法官認為拒養有理。（記者李立法攝）,-0.993813158192,-1.0,0.990479,-1.00333398692,Negative,Negative,-1
ntk201707130119000,https://newtalk.tw/news/view/2017-07-13/92100,美FBI準局長瑞伊誓言 絕不受外力影響,2017/07/13 01:19,在美方調查「通俄門」可能威脅到白宮高層官員之際，美國總統川普（Donald Trump）提名的聯邦調查局（FBI）局長人選瑞伊今天誓言，絕不會讓FBI受外力影響。瑞伊（Christopher Wray）告訴美國參議院司法委員會：「倘若有榮幸領導聯邦調查局，除了事實、法律以及不偏不倚追求公平正義以外，我絕不會讓FBI的工作受任何其他因素主導。」瑞伊又說：「我認為，FBI局長的最重要職責是，確保在FBI執行任務的無私愛國者不受到任何干擾。」至於川普把針對俄羅斯干預美國大選的相關調查指責為「獵巫」，瑞伊不認同此觀點。瑞伊對特別檢察官穆勒（Robert Mueller）表達支持立場，曾任FBI局長的穆勒如今主導這項爆炸性政治調查。瑞伊在參院委員會表示，「我不認為穆勒會從事獵巫行動」。川普於數小時前發推文痛斥，這項調查是「政治史上最大獵巫行動」。（喜歡這條新聞，給新頭殼按個讚！）  ,-0.695588018302,-0.999999311442,0.999377,-0.696210496304,Negative,Negative,-1
ntk201707130105000,https://newtalk.tw/news/view/2017-07-13/92099,拉森C冰棚斷裂 逾兆公噸形成新冰山A68,2017/07/13 01:05,觀察西南極洲冰棚裂縫多年的科學家今天表示，拉森C冰棚（Larsen C）已經斷裂，形成歷史紀錄上最大的冰山之一，重量超過1兆公噸。英國「衛報」（Guardian）和法新社報導，英國斯旺西大學（Swansea University）在聲明中說，「拉森C冰棚是在7月10日星期一至7月12日星期三間發生斷裂，導致面積5800平方公里的的冰山脫離。」這個巨大冰山的面積比美國德拉瓦州還要大，體積是五大湖（Great Lakes）之一伊利湖（Lake Erie）的兩倍，厚約350公尺。研究團隊說，「這座冰山重量超過1兆公噸，不過在冰棚斷裂前就已漂浮在海面上，所以不會對海平面帶來立即影響」。這座冰山可能命名為A68。拉森C冰棚斷裂後，總表面積縮小了超過12%。南極洲冰棚崩裂是經常發生的自然現象，然而最新崩落的冰山極為巨大，科學家將密切觀察其漂移情況，以避免對海上交通構成任何潛在威脅。斯旺西大學研究團隊說，這次崩裂可能升高拉森C冰棚其餘部分瓦解的風險。冰棚的作用類似於剎車，防止冰河直接流入海洋。研究人員說，假如拉森C冰棚阻擋的所有冰川流入南冰洋，將使全球海平面升高約10公分。儘管冰棚崩裂屬自然現象，全球暖化據信加速了冰棚崩裂的進程。（喜歡這條新聞，給新頭殼按個讚！）  ,-0.282450672756,-0.999998425193,0.999998,-0.282451482135,Negative,Negative,-1
ntk201707130037000,https://newtalk.tw/news/view/2017-07-13/92096,葉倫釋升息利多 美股開盤漲逾170點創新高,2017/07/13 00:37,聯邦準備理事會（Fed）主席葉倫今天表示，雖然經濟展望如何演變仍有大問號，但她依然預見未來幾年利率只會「逐步」調升。這番談話帶動美國股市開盤走揚，道瓊工業指數改寫史上最高紀錄點。葉倫今天在國會聽證會發表半年一次的證詞，她表示，因為勞動市場緊俏，但通膨卻遲緩，未達聯準會的設定目標，未來會「小心監視」美國的經濟情況。葉倫指出，經濟展望如何演變仍有大問號，川普總統政府政策與開支的可能轉變是一個「變數來源」，另一重大未知數是，始終處於低檔的通膨，是否終將由目前的1.4%移動接近聯準會設定的2%目標。不過，葉倫再度表達許多聯準會官員的觀點指出，物價緩慢上升「部分因素是特定種類物價的一些不尋常下滑」，這些最後將不列入計算當中，未來幾年美國經濟應會持續擴張，她依然預見未來幾年利率只會「逐步」調升，並透露Fed可能在今年稍晚開始縮減資產負債表規模。葉倫釋放利多消息後，道瓊工業指數今天盤中最多上漲171.72點至21580.79點，改寫史上最高紀錄點；那斯達克指數漲0.9%至6248.8點，S&P 500指數漲0.77%。（喜歡這條新聞，給新頭殼按個讚！）  ,-0.00357153350557,-0.999988935136,0.999978,-0.00358216473217,Negative,Negative,-1
udn201707130149000,https://udn.com/news/story/8319/2580340?from=udn-ch1_breaknews-1-99-news,溫網／莫瑞臀傷發作吞敗 止步8強,2017/07/13 01:49,世界排名第1、大會第1種子的莫瑞，是以6比3、4比6、7比6（7/4）、1比6、1比6栽在29歲、世界排名28、大會第24種子奎利（Sam Querrey）手下。莫瑞吞敗非戰之罪，他因為最近的臀部問題發作，嚴重損害到他的行動，導致右腿一跛一跛的，才會敗下陣來。贏球的奎利首次挺進4強準決賽，下一役他將對上克羅埃西亞第7種子西里奇（Marin Cilic），爭奪決賽入場券。世界排名第6的克里奇，在另場8強賽經5盤激戰，以3比6、7比6（8/6）、7比5、5比7、6比1，拍落甫在4輪16強賽意外擊退西班牙「蠻牛」納達爾的盧森堡16種子穆勒（Gilles Muller），搶進4強準決賽。世界排名第1、大會第1種子的莫瑞，是以6比3、4比6、7比6（7/4）、1比6、1比6栽在29歲、世界排名28、大會第24種子奎利（Sam Querrey）手下。莫瑞吞敗非戰之罪，他因為最近的臀部問題發作，嚴重損害到他的行動，導致右腿一跛一跛的，才會敗下陣來。贏球的奎利首次挺進4強準決賽，下一役他將對上克羅埃西亞第7種子西里奇（Marin Cilic），爭奪決賽入場券。世界排名第6的克里奇，在另場8強賽經5盤激戰，以3比6、7比6（8/6）、7比5、5比7、6比1，拍落甫在4輪16強賽意外擊退西班牙「蠻牛」納達爾的盧森堡16種子穆勒（Gilles Muller），搶進4強準決賽。,0.278750111506,-0.918136256879,0.99997,0.360584171513,Positive,Positive,1
udn201707130114000,https://udn.com/news/story/6813/2580338?from=udn-ch1_breaknews-1-99-news,美FBI局長提名人誓言 絕不受外力影響,2017/07/13 01:14,瑞伊（Christopher Wray）告訴美國參議院司法委員會：「倘若有榮幸領導聯邦調查局，除了事實、法律以及不偏不倚追求公平正義以外，我絕不會讓FBI的工作受任何其他因素主導。」瑞伊又說：「我認為，FBI局長的最重要職責是，確保在FBI執行任務的無私愛國者不受到任何干擾。」至於川普把針對俄羅斯干預美國大選的相關調查指責為「獵巫」，瑞伊不認同此觀點。瑞伊對特別檢察官穆勒（Robert Mueller）表達支持立場，曾任FBI局長的穆勒如今主導這項爆炸性政治調查。瑞伊在參院委員會表示，「我不認為穆勒會從事獵巫行動」。川普於數小時前發推文痛斥，這項調查是「政治史上最大獵巫行動」。瑞伊（Christopher Wray）告訴美國參議院司法委員會：「倘若有榮幸領導聯邦調查局，除了事實、法律以及不偏不倚追求公平正義以外，我絕不會讓FBI的工作受任何其他因素主導。」瑞伊又說：「我認為，FBI局長的最重要職責是，確保在FBI執行任務的無私愛國者不受到任何干擾。」至於川普把針對俄羅斯干預美國大選的相關調查指責為「獵巫」，瑞伊不認同此觀點。瑞伊對特別檢察官穆勒（Robert Mueller）表達支持立場，曾任FBI局長的穆勒如今主導這項爆炸性政治調查。瑞伊在參院委員會表示，「我不認為穆勒會從事獵巫行動」。川普於數小時前發推文痛斥，這項調查是「政治史上最大獵巫行動」。,-0.789542318858,-0.999995074639,0.885266,-0.904271387504,Negative,Negative,-1
udn201707130110000,https://udn.com/news/story/6813/2580339?from=udn-ch1_breaknews-1-99-news,查「通俄門」是獵巫？ 川普提名的FBI新局長不同意,2017/07/13 01:10,美國總統川普上任以來，多次稱「通俄門」調查為獵巫行動，其提名的聯邦調查局（FBI）新局長人選雷伊12日在國會表示，他不認為特別檢察官穆勒在獵巫（指政治迫害）；雷伊並指出，沒有人要求他誓言效忠。雷伊（Christopher A. Wray）在參議院司法委員會任命聽證會上告訴國會議員，若總統要求他執行不適當的事，他會先試圖與總統交談，如果失敗了，他會請辭。川普在5月9日開除FBI前局長柯米，司法部之後任命穆勒擔任主導「通俄門」調查的特別檢察官；川普曾推文表示，這是美國史上針對政治人物最大的獵巫行動，並稱柯林頓競選團隊與歐巴馬政府發生許多非法行為，卻從未任命特別檢察官。川普長子小唐納因去年私會俄羅斯律師捲入「通俄門」，小唐納11日公布相關電郵，川普則透過推特稱小唐納公開、透明，而且是無辜的，他並說，「這是政治史上最大的獵巫行動。」聯邦參議員12日在聽證會上詢問雷伊，調查「通俄門」是否為獵巫行動，雷伊說，他不認為穆勒在獵巫。此外，由於FBI前局長柯米曾指，川普曾要求他表態效忠，議員詢問雷伊，白宮是否有人要求他效忠；雷伊回應，在提名過程中，沒有人要求他誓言效忠。耶魯大學法律系畢業的雷伊曾任聯邦檢察官、前總統小布希政府的司法部助理部長。美國總統川普上任以來，多次稱「通俄門」調查為獵巫行動，其提名的聯邦調查局（FBI）新局長人選雷伊12日在國會表示，他不認為特別檢察官穆勒在獵巫（指政治迫害）；雷伊並指出，沒有人要求他誓言效忠。雷伊（Christopher A. Wray）在參議院司法委員會任命聽證會上告訴國會議員，若總統要求他執行不適當的事，他會先試圖與總統交談，如果失敗了，他會請辭。川普在5月9日開除FBI前局長柯米，司法部之後任命穆勒擔任主導「通俄門」調查的特別檢察官；川普曾推文表示，這是美國史上針對政治人物最大的獵巫行動，並稱柯林頓競選團隊與歐巴馬政府發生許多非法行為，卻從未任命特別檢察官。川普長子小唐納因去年私會俄羅斯律師捲入「通俄門」，小唐納11日公布相關電郵，川普則透過推特稱小唐納公開、透明，而且是無辜的，他並說，「這是政治史上最大的獵巫行動。」聯邦參議員12日在聽證會上詢問雷伊，調查「通俄門」是否為獵巫行動，雷伊說，他不認為穆勒在獵巫。此外，由於FBI前局長柯米曾指，川普曾要求他表態效忠，議員詢問雷伊，白宮是否有人要求他效忠；雷伊回應，在提名過程中，沒有人要求他誓言效忠。耶魯大學法律系畢業的雷伊曾任聯邦檢察官、前總統小布希政府的司法部助理部長。,-0.592998132235,-1.0,-0.181461676955,-1.77445980919,Negative,Negative,-1
udn201707130104000,https://udn.com/news/story/6811/2580335?from=udn-ch1_breaknews-1-99-news,請少吃奶油，因為「一低二高」,2017/07/13 01:04,由於全球牛奶產量減少（一低），但奶油需求持續增加，已使今年來乳製品的價格翻倍（二高），尤其歐洲目前正遭受奶油短缺的陣痛。奶油大漲，法國烘焙業要求提高糕點及牛角麵包售價；丹麥乳業巨擘愛氏晨曦公司也警告，今年耶誕節的奶油可能會缺貨。歐洲奶油供給吃緊，源自於全球供需。據聯合國糧農組織（FAO）指出，由於主要牛奶產國的總產量持續下降，加上天候惡劣，已使奶油價格於6月起漲到歷史高點；「所有主要生產國的出口能力受限」，使乳品價格大漲，包括奶油。金融海嘯之後，奶油價格曾長期疲軟。天候良好，加上歐洲於2015年開放乳品市場，都使價格更低，2014-15年間跌幅超過50%，使全球許多酪農因負債累累而被迫歇業。歐洲政府以補貼方式鼓勵酪農停產牛奶，使全球五大主要產國2016年的總產量減少0.4%。南半球的澳洲與紐西蘭今年由於天候惡劣，產量不及去年水準。但奶油消費量卻持續成長。荷蘭合作銀行相信乳製品的全球散布型態已出現「結構性轉變」，生產者在產品中添加更多奶油。另外最近的研究也質疑過去認為奶油與心血管疾病有關的說法，引發消費者對奶油的激情；一些植物油可能不利健康的資訊陸續公布，也使消費者轉向奶油。另外消費者基於「天然」考慮而少用人造奶油，家庭烘焙熱潮興起，都使奶油需求增加。反觀供給面，儘管奶油價格大漲，但許多酪農已沒錢增產，而且牛奶還須優先供應鮮乳、鮮奶油及起司等需求。再者，全球奶油的庫存量也已消耗殆盡，且中國又開始進口奶油及起司等乳製品。目前奶油躉售價格雖大漲，但零售商及食品業者仍不願把漲幅轉嫁給消費者，而使獲利率遭到壓縮；如果繼續下去，業者終究將被迫反映成本。分析師預料今年內奶油價格仍將居高不下。由於全球牛奶產量減少（一低），但奶油需求持續增加，已使今年來乳製品的價格翻倍（二高），尤其歐洲目前正遭受奶油短缺的陣痛。奶油大漲，法國烘焙業要求提高糕點及牛角麵包售價；丹麥乳業巨擘愛氏晨曦公司也警告，今年耶誕節的奶油可能會缺貨。歐洲奶油供給吃緊，源自於全球供需。據聯合國糧農組織（FAO）指出，由於主要牛奶產國的總產量持續下降，加上天候惡劣，已使奶油價格於6月起漲到歷史高點；「所有主要生產國的出口能力受限」，使乳品價格大漲，包括奶油。金融海嘯之後，奶油價格曾長期疲軟。天候良好，加上歐洲於2015年開放乳品市場，都使價格更低，2014-15年間跌幅超過50%，使全球許多酪農因負債累累而被迫歇業。歐洲政府以補貼方式鼓勵酪農停產牛奶，使全球五大主要產國2016年的總產量減少0.4%。南半球的澳洲與紐西蘭今年由於天候惡劣，產量不及去年水準。但奶油消費量卻持續成長。荷蘭合作銀行相信乳製品的全球散布型態已出現「結構性轉變」，生產者在產品中添加更多奶油。另外最近的研究也質疑過去認為奶油與心血管疾病有關的說法，引發消費者對奶油的激情；一些植物油可能不利健康的資訊陸續公布，也使消費者轉向奶油。另外消費者基於「天然」考慮而少用人造奶油，家庭烘焙熱潮興起，都使奶油需求增加。反觀供給面，儘管奶油價格大漲，但許多酪農已沒錢增產，而且牛奶還須優先供應鮮乳、鮮奶油及起司等需求。再者，全球奶油的庫存量也已消耗殆盡，且中國又開始進口奶油及起司等乳製品。目前奶油躉售價格雖大漲，但零售商及食品業者仍不願把漲幅轉嫁給消費者，而使獲利率遭到壓縮；如果繼續下去，業者終究將被迫反映成本。分析師預料今年內奶油價格仍將居高不下。,-0.200250756683,-0.999999998948,0.998867,-0.20138360151,Negative,Negative,-1
udn201707130102000,https://udn.com/news/story/6813/2580281?from=udn-ch1_breaknews-1-99-news,傳替克宮和川普牽線 俄大亨斥憑空捏造,2017/07/13 01:02,在小唐納．川普公布的電郵中，一封來自英國音樂製作人高德史東（Rob Goldstone）的郵件宣稱，俄羅斯檢察總長和阿瑞斯（Aras Agalarov）會面時表明，願意提供川普陣營有關希拉蕊的「官方文件」。高德史東宣稱，俄羅斯檢察總長表明，願意提供川普陣營「非常高階且敏感資訊」作為俄羅斯及其政府支持其父川普的一部分。阿瑞斯表示，他和高德史東根本不熟。阿瑞斯告訴俄國Business FM電台，「我想這是捏造出來的，我不知道是誰捏造的」。他說：「為什麼所有事都要和希拉蕊扯上關係？我不知道。我和高德史東真的不熟。」俄國總統蒲亭的發言人培斯科夫（Dmitry Peskov）今天在莫斯科告訴記者，克里姆林宮沒和阿瑞斯往來，跟與川普長子會晤的俄國律師也沒有關係。在小唐納．川普公布的電郵中，一封來自英國音樂製作人高德史東（Rob Goldstone）的郵件宣稱，俄羅斯檢察總長和阿瑞斯（Aras Agalarov）會面時表明，願意提供川普陣營有關希拉蕊的「官方文件」。高德史東宣稱，俄羅斯檢察總長表明，願意提供川普陣營「非常高階且敏感資訊」作為俄羅斯及其政府支持其父川普的一部分。阿瑞斯表示，他和高德史東根本不熟。阿瑞斯告訴俄國Business FM電台，「我想這是捏造出來的，我不知道是誰捏造的」。他說：「為什麼所有事都要和希拉蕊扯上關係？我不知道。我和高德史東真的不熟。」俄國總統蒲亭的發言人培斯科夫（Dmitry Peskov）今天在莫斯科告訴記者，克里姆林宮沒和阿瑞斯往來，跟與川普長子會晤的俄國律師也沒有關係。,-0.468437761327,-0.999999997696,-0.121350713074,-1.5897884721,Negative,Negative,-1
udn201707130032000,https://udn.com/news/story/6811/2580011?from=udn-ch1_breaknews-1-99-news,比特幣跌跌不休…,2017/07/13 00:32, 比特幣近日持續走跌，過去30天市值蒸發122億美元；虛擬貨幣整體市值六月至今蒸發三分之一，不少專家擔心引發泡沫化危機。,0.122019455909,-0.547032212131,0.691447,0.266434024937,Positive,Positive,1
udn201707130029000,https://udn.com/news/story/6811/2580285?from=udn-ch1_breaknews-1-99-news,油價揚葉倫談升息 美股開盤走高,2017/07/13 00:29,華爾街股市今天開盤走揚，主因美國聯邦準備理事會主席葉倫（JanetYellen）矢言「逐步」方式調息。葉倫在國會聽證會的證詞中說，她將「小心監視」美國的經濟情況，因為勞動市場緊俏，但通膨卻遲緩，未達聯準會的設定目標。開盤15分鐘，道瓊工業指數上漲0.6%，來到21539.54點。標準普爾500指數上揚0.7%，來到2442.00點；以科技股為主的那斯達克綜合指數，攀漲0.9%，來到6246.44點。華爾街股市今天開盤走揚，主因美國聯邦準備理事會主席葉倫（JanetYellen）矢言「逐步」方式調息。葉倫在國會聽證會的證詞中說，她將「小心監視」美國的經濟情況，因為勞動市場緊俏，但通膨卻遲緩，未達聯準會的設定目標。開盤15分鐘，道瓊工業指數上漲0.6%，來到21539.54點。標準普爾500指數上揚0.7%，來到2442.00點；以科技股為主的那斯達克綜合指數，攀漲0.9%，來到6246.44點。,0.266090912926,-0.998370229258,-0.0360216759145,-0.768300992246,Negative,Negative,1
udn201707130028000,https://udn.com/news/story/7266/2580331?from=udn-ch1_breaknews-1-99-news,超認真試吃／北投巧涼冰品,2017/07/13 00:28,《超認真試吃》所日前舉行的家鄉美食徵選活動中，網友吳侑芯特別推薦北投的巧涼古早味冰品，強調用料實在、價格輕鬆。在試吃員實際試吃之後，認為巧涼的花生、紅豆熬煮的軟而不爛，配料也不少，以每碗刨冰45元的售價來看，確實是物有所值。位於北投市場範圍內的巧涼，距離北投捷運站步行約10～15分鐘，就算是平日門口也一直維持10～15個人的排隊人龍，周圍還有高記茶莊、蔡元益紅茶等知名店鋪。店內販售有刨冰、手工豆花、芒果牛奶冰等冰品。刨冰與豆花均為45元，各可選4種、3種配料，芒果牛奶冰則為100元，有提供座位區。冰櫃上有各式豆類、果乾、愛玉、仙草等20多種佐料，選擇很多。試吃員的刨冰選擇紅豆、花生、芋頭、小湯圓等經典配料，整碗刨冰份量不少，2人共食也足以。其中紅豆與花生的顆粒飽滿，口感綿密，保有本身的完整性又不會過於軟爛，容易嚐出本身的滋味；紅白小湯圓比坊間的小，更容易咀嚼，也沒有麵心過硬的情況。經過黑糖水特有的清香甜氣，以及細緻的刨冰加持之後，吃上幾口就令人暑氣大減！只是令人期待的芋頭雖然份量不少，但是咬感較硬，對於喜歡吃鬆軟、入口即化的人來說，可能會略為失望。地址：台北市北投區清江路25巷25號電話：02 2893 6809推薦者：吳侑芯《超認真試吃》所日前舉行的家鄉美食徵選活動中，網友吳侑芯特別推薦北投的巧涼古早味冰品，強調用料實在、價格輕鬆。在試吃員實際試吃之後，認為巧涼的花生、紅豆熬煮的軟而不爛，配料也不少，以每碗刨冰45元的售價來看，確實是物有所值。位於北投市場範圍內的巧涼，距離北投捷運站步行約10～15分鐘，就算是平日門口也一直維持10～15個人的排隊人龍，周圍還有高記茶莊、蔡元益紅茶等知名店鋪。店內販售有刨冰、手工豆花、芒果牛奶冰等冰品。刨冰與豆花均為45元，各可選4種、3種配料，芒果牛奶冰則為100元，有提供座位區。冰櫃上有各式豆類、果乾、愛玉、仙草等20多種佐料，選擇很多。試吃員的刨冰選擇紅豆、花生、芋頭、小湯圓等經典配料，整碗刨冰份量不少，2人共食也足以。其中紅豆與花生的顆粒飽滿，口感綿密，保有本身的完整性又不會過於軟爛，容易嚐出本身的滋味；紅白小湯圓比坊間的小，更容易咀嚼，也沒有麵心過硬的情況。經過黑糖水特有的清香甜氣，以及細緻的刨冰加持之後，吃上幾口就令人暑氣大減！只是令人期待的芋頭雖然份量不少，但是咬感較硬，對於喜歡吃鬆軟、入口即化的人來說，可能會略為失望。地址：台北市北投區清江路25巷25號電話：02 2893 6809推薦者：吳侑芯,-0.505013775853,-0.999988719692,0.977281,-0.52772193839,Negative,Negative,-1
udn201707130019000,https://udn.com/news/story/6809/2580326?from=udn-ch1_breaknews-1-99-news,德國警方逮捕四名金幣大盜 金幣恐熔毀滅證,2017/07/13 00:19,路透12日報導，德國特警突襲柏林新克爾恩區一棟公寓，逮捕4名18歲到20歲的金幣大盜，他們涉嫌在柏林的博德博物館偷走價值約400萬美元（約合台幣1.2億元）的黃金金幣。警方雖然逮到這4名疑似與阿拉伯幫派有關聯的青年嫌犯，卻遍尋不著失竊金幣的下落，推測重達100公斤的加拿大「大楓葉」金幣可能已經被嫌犯熔掉，這種金幣通常是純金打造。路透12日報導，德國特警突襲柏林新克爾恩區一棟公寓，逮捕4名18歲到20歲的金幣大盜，他們涉嫌在柏林的博德博物館偷走價值約400萬美元（約合台幣1.2億元）的黃金金幣。警方雖然逮到這4名疑似與阿拉伯幫派有關聯的青年嫌犯，卻遍尋不著失竊金幣的下落，推測重達100公斤的加拿大「大楓葉」金幣可能已經被嫌犯熔掉，這種金幣通常是純金打造。,0.580155326509,-0.999511654349,0.998646,0.579289991073,Positive,Positive,1
udn201707130008000,https://udn.com/news/story/7321/2580322?from=udn-ch1_breaknews-1-99-news,快取寶案害錯失升官? 調查局官員：別亂扣帽子,2017/07/13 00:08,快取寶負責人孫岳澤涉嫌吸金案，受害者粗估4、500人，有媒體報導調查局一名張姓科長因透過車商介紹而投資，此次慘賠，也害直屬的保防業務處長王北齊，痛失爭取調查局副局長一職機會。不過張姓科長澄清，根本不認識車商，也沒幫忙招攬吸金，「不要亂扣帽子」。張姓科長曾在嘉市調站服務，他強調會扯上此案，全是透過一位地方報紙的記者介紹，但他不是投資，僅單純以個人名義借錢給孫岳澤，他朋友也有借他，再借給孫，至於從中有獲得利息差價，張姓科長認為因借錢有承擔風險，利潤仍算合理。張姓科長也強調，借錢給孫讓他傾家蕩產，「財產都被抱走了」，絕對沒有幫孫招攬、吸金，更無涉相關人事鬥爭，盼外界不要亂扣帽子。據了解，檢方經陸續偵查，多名金主因涉嫌協助孫岳澤找更多金主，已改列共犯，不過許多此案的受害金主在臉書社團「快取寶孫岳澤.李欣潔吸金案受害人聯盟」，痛批檢方一直傳喚調查被害者，沒想辦法去抓孫岳澤，根本顛倒辦案。不過承辦檢方之前也解釋，「如果沒有投資者出面做筆錄指證，就沒有辦法認定匯入孫岳澤帳戶的款項是違法吸金的錢，越快查明孫岳澤、李欣潔吸金的範圍，才能越快釐清案情，希望投資人能勇於出面指證」，檢方也認為，由於孫岳澤目前潛逃大陸，若遲遲未到案，因犯罪明確，未來也能先起訴。快取寶負責人孫岳澤涉嫌吸金案，受害者粗估4、500人，有媒體報導調查局一名張姓科長因透過車商介紹而投資，此次慘賠，也害直屬的保防業務處長王北齊，痛失爭取調查局副局長一職機會。不過張姓科長澄清，根本不認識車商，也沒幫忙招攬吸金，「不要亂扣帽子」。張姓科長曾在嘉市調站服務，他強調會扯上此案，全是透過一位地方報紙的記者介紹，但他不是投資，僅單純以個人名義借錢給孫岳澤，他朋友也有借他，再借給孫，至於從中有獲得利息差價，張姓科長認為因借錢有承擔風險，利潤仍算合理。張姓科長也強調，借錢給孫讓他傾家蕩產，「財產都被抱走了」，絕對沒有幫孫招攬、吸金，更無涉相關人事鬥爭，盼外界不要亂扣帽子。據了解，檢方經陸續偵查，多名金主因涉嫌協助孫岳澤找更多金主，已改列共犯，不過許多此案的受害金主在臉書社團「快取寶孫岳澤.李欣潔吸金案受害人聯盟」，痛批檢方一直傳喚調查被害者，沒想辦法去抓孫岳澤，根本顛倒辦案。不過承辦檢方之前也解釋，「如果沒有投資者出面做筆錄指證，就沒有辦法認定匯入孫岳澤帳戶的款項是違法吸金的錢，越快查明孫岳澤、李欣潔吸金的範圍，才能越快釐清案情，希望投資人能勇於出面指證」，檢方也認為，由於孫岳澤目前潛逃大陸，若遲遲未到案，因犯罪明確，未來也能先起訴。,-0.663871985718,-1.0,0.993722,-0.670150381371,Negative,Negative,-1
udn201707130007000,https://udn.com/news/story/6811/2580321?from=udn-ch1_breaknews-1-99-news,加升息三原因：預防通膨升高、打房、與Fed同步,2017/07/13 00:07,加拿大央行12日升息1碼，為0.75%，是七年來首度升息，以反映全球經濟成長好轉；並表示最近的經濟數據已「使央行對經濟能夠超越潛在成長水平，並吸收經濟的超額產能更具信心」。 分析師針對加拿大升息提出三項原因。第一，央行傾向於藉由貨幣政策，來因應通膨可能升高的勢頭。目前核心通膨率僅1.3%，低於2%目標，且持續下降，但央行預測明年中時將升到2%附近。第二，希望藉由升息來減輕金融出現不穩的可能性，因為利率偏低會鼓勵投資人承擔更高的風險。利率長期偏低也使房市過熱，迫使政府必須與各省一起透過法規及租稅使房市降溫。第三，央行希望能更接近美國聯準會的貨幣政策方向，以防止加幣對美元匯率出現較大波動。央行升息後加幣立刻對美元升值0.7%，報1美元兌1.2824加幣，是去年8月來最高價位。加拿大經濟成長率優於預估，就業數字也偏強。一些分析師擔心油價下跌對經濟成長不利，但央行表示加拿大經濟已對低油價的調適「已大致完成」。加拿大央行12日升息1碼，為0.75%，是七年來首度升息，以反映全球經濟成長好轉；並表示最近的經濟數據已「使央行對經濟能夠超越潛在成長水平，並吸收經濟的超額產能更具信心」。 分析師針對加拿大升息提出三項原因。第一，央行傾向於藉由貨幣政策，來因應通膨可能升高的勢頭。目前核心通膨率僅1.3%，低於2%目標，且持續下降，但央行預測明年中時將升到2%附近。第二，希望藉由升息來減輕金融出現不穩的可能性，因為利率偏低會鼓勵投資人承擔更高的風險。利率長期偏低也使房市過熱，迫使政府必須與各省一起透過法規及租稅使房市降溫。第三，央行希望能更接近美國聯準會的貨幣政策方向，以防止加幣對美元匯率出現較大波動。央行升息後加幣立刻對美元升值0.7%，報1美元兌1.2824加幣，是去年8月來最高價位。加拿大經濟成長率優於預估，就業數字也偏強。一些分析師擔心油價下跌對經濟成長不利，但央行表示加拿大經濟已對低油價的調適「已大致完成」。,-0.878524294021,-0.999999989419,0.999686,-0.87883804229,Negative,Negative,-1
udn201707130003000,https://udn.com/news/story/6811/2580320?from=udn-ch1_breaknews-1-99-news,葉倫談話「鷹味」稍降 並表示利率不須再升太多,2017/07/13 00:03,葉倫在對國會提出的報告中，仍對美國經濟最近的表現抱持普遍的正面看法，強調近月來家庭支出回升，製造業也因為國外成長增強而得到支持。但她也強調，Fed決策官員正密切注意通膨動向，因為一直無法達到2%目標。5月核心個人消費支出（PCE）平減指數比去年上升1.4%，已連續第3估月下降。她並未強烈暗示Fed下次升息將在何時，仍堅持「今年」內將開始縮表。她並指出，利率不需再升太多，就能夠達到「中性」水準。但在較長期間利率仍須上升，以維持經濟平衡，這表示「未來幾年利率進一步漸進上升應屬適當」。由於葉倫對通膨改持較審慎態度，帶動美元及美債殖利率走低。2年期公債殖利率下降3.62基點，至1.339%；10年期殖利率下降4.6基點，報2.314%，都是近一個月來最大單日跌幅。之前葉倫曾多次強調，基於就業市場持續改善，通膨率終將達成目標。這次她仍指出，通膨偏低部分歸因於多項通膨指標成分出現「不尋常的下跌」。她指出，所得與就業成長增強，將「進一步提高資源利用率，從而促使工資及物價加速上升」。但她也表示，「當然，經濟展望一直都有相當高的不確定性」，及Fed「不確定通膨何時才會對資源利用率趨緊做出反應，及反應到何種程度」。貨幣政策並非依據「預設的路徑」；「目前而言，我認為美國經濟表現究意會比我們預估的更強，還是較弱，機率大致相同」。葉倫並強調制定利率若過度依賴「法則（公式）」所可能造成的傷害；儘管Fed經常參考這些法則，「但不能機械式的運用這些處方」；「法則的使用，需要審慎判斷那些因素應投入法則中，權重是多少，以及法則中未列入考慮的多項因素會有多大影響力」。一些共和黨人士希望下任Fed主席在制定利率時，能以「法則」為優先，例如史丹福大學教授泰勒所提出的「泰勒法則」。川普新提名的Fed主席夸利斯也表示，他支持在制定利率能更加公式化。另一位可能被提名的理事顧凡德也持相同看法。葉倫在對國會提出的報告中，仍對美國經濟最近的表現抱持普遍的正面看法，強調近月來家庭支出回升，製造業也因為國外成長增強而得到支持。但她也強調，Fed決策官員正密切注意通膨動向，因為一直無法達到2%目標。5月核心個人消費支出（PCE）平減指數比去年上升1.4%，已連續第3估月下降。她並未強烈暗示Fed下次升息將在何時，仍堅持「今年」內將開始縮表。她並指出，利率不需再升太多，就能夠達到「中性」水準。但在較長期間利率仍須上升，以維持經濟平衡，這表示「未來幾年利率進一步漸進上升應屬適當」。由於葉倫對通膨改持較審慎態度，帶動美元及美債殖利率走低。2年期公債殖利率下降3.62基點，至1.339%；10年期殖利率下降4.6基點，報2.314%，都是近一個月來最大單日跌幅。之前葉倫曾多次強調，基於就業市場持續改善，通膨率終將達成目標。這次她仍指出，通膨偏低部分歸因於多項通膨指標成分出現「不尋常的下跌」。她指出，所得與就業成長增強，將「進一步提高資源利用率，從而促使工資及物價加速上升」。但她也表示，「當然，經濟展望一直都有相當高的不確定性」，及Fed「不確定通膨何時才會對資源利用率趨緊做出反應，及反應到何種程度」。貨幣政策並非依據「預設的路徑」；「目前而言，我認為美國經濟表現究意會比我們預估的更強，還是較弱，機率大致相同」。葉倫並強調制定利率若過度依賴「法則（公式）」所可能造成的傷害；儘管Fed經常參考這些法則，「但不能機械式的運用這些處方」；「法則的使用，需要審慎判斷那些因素應投入法則中，權重是多少，以及法則中未列入考慮的多項因素會有多大影響力」。一些共和黨人士希望下任Fed主席在制定利率時，能以「法則」為優先，例如史丹福大學教授泰勒所提出的「泰勒法則」。川普新提名的Fed主席夸利斯也表示，他支持在制定利率能更加公式化。另一位可能被提名的理事顧凡德也持相同看法。,-0.956891516659,-0.999999999999,0.999956,-0.956935147258,Negative,Negative,-1
